titulo,pdf
"Votação Nominal – Projeto de Lei nº 022/2026, de autoria do Poder Executivo 17/09/2026",https://petrolina.pe.leg.br/wp-content/uploads/2026/09/Votacao-Nominal-Projeto-de-Lei-no-022-2026-de-autoria-do-Poder-Executivo-17.09.2026.pdf
"Votação Nominal – Projeto de Lei nº 081/2026, de autoria do Poder Legislativo 15/09/2026",https://petrolina.pe.leg.br/wp-content/uploads/2026/09/Votacao-Nominal-Projeto-de-Lei-no-081-2026-do-Poder-Legislativo-15.09.2026.pdf
"Votação Nominal – Projeto de Lei nº 020/2026, de autoria do Poder Executivo 15/09/2026",https://petrolina.pe.leg.br/wp-content/uploads/2026/09/Votacao-Nominal-Projeto-de-Lei-no-020-2026-de-autoria-do-Poder-Executivo-15.09.2026.pdf
"Votação Nominal – Projeto de Lei nº 021/2026, de autoria do Poder Executivo 10/09/2026",https://petrolina.pe.leg.br/wp-content/uploads/2026/09/Votacao-Nominal-Projeto-de-Lei-no-021-2026-de-autoria-do-Poder-Executivo-10.09.2026.pdf
"Votação Nominal – Projeto de Lei nº 052/2026, de autoria do Poder Legislativo 03/09/2026",https://petrolina.pe.leg.br/wp-content/uploads/2026/09/Votacao-Nominal-Projeto-de-Lei-no-052-2026-do-Poder-Legislativo-03.09.2026.pdf
"Votação Nominal – Projeto de Lei nº 059/2026, de autoria do Poder Legislativo 01/09/2026",https://petrolina.pe.leg.br/wp-content/uploads/2026/09/Votacao-Nominal-Projeto-de-Lei-no-059-2026-do-Poder-Legislativo-01.09.2026.pdf
"Votação Nominal – Projeto de Lei nº 009/2026, de autoria do Poder Legislativo 01/09/2026",https://petrolina.pe.leg.br/wp-content/uploads/2026/09/Votacao-Nominal-Projeto-de-Lei-no-009-2026-do-Poder-Legislativo-01.09.2026.pdf
"Votação Nominal – Projeto de Lei nº 019/2026, de autoria do Poder Executivo 01/09/2026",https://petrolina.pe.leg.br/wp-content/uploads/2026/09/Votacao-Nominal-Projeto-de-Lei-no-019-2026-de-autoria-do-Poder-Executivo-01.09.2026.pdf
"Votação Nominal – Projeto de Lei nº 018/2026, de autoria do Poder Executivo 01/09/2026",https://petrolina.pe.leg.br/wp-content/uploads/2026/09/Votacao-Nominal-Projeto-de-Lei-no-018-2026-de-autoria-do-Poder-Executivo-01.09.2026.pdf
"Votação Nominal – Projeto de Lei nº 015/2026, de autoria do Poder Executivo 27/08/2026",https://petrolina.pe.leg.br/wp-content/uploads/2026/09/Votacao-Nominal-Projeto-de-Lei-no-015-2026-de-autoria-do-Poder-Executivo-27.08.2026.pdf
"Votação Nominal – Projeto de Lei nº 069/2026, de autoria do Poder Legislativo 27/08/2026",https://petrolina.pe.leg.br/wp-content/uploads/2026/09/Votacao-Nominal-Projeto-de-Lei-no-069-2026-do-Poder-Legislativo-27.08.2026.pdf
"Votação Nominal – Projeto de Lei nº 067/2026, de autoria do Poder Legislativo 27/08/2026",https://petrolina.pe.leg.br/wp-content/uploads/2026/09/Votacao-Nominal-Projeto-de-Lei-no-067-2026-do-Poder-Legislativo-27.08.2026.pdf
"Votação Nominal – Projeto de Lei nº 065/2026, de autoria do Poder Legislativo 27/08/2026",https://petrolina.pe.leg.br/wp-content/uploads/2026/09/Votacao-Nominal-Projeto-de-Lei-no-065-2026-do-Poder-Legislativo-27.08.2026.pdf
"Votação Nominal – Projeto de Lei nº 017/2026, de autoria do Poder Executivo 20/08/2026",https://petrolina.pe.leg.br/wp-content/uploads/2026/08/Votacao-Nominal-Projeto-de-Lei-no-017-2026-de-autoria-do-Poder-Executivo-20.08.2026.pdf
"Votação Nominal – Projeto de Lei nº 089/2026, de autoria do Poder Legislativo 13/08/2026",https://petrolina.pe.leg.br/wp-content/uploads/2026/08/Votacao-Nominal-Projeto-de-Lei-no-089-2026-do-Poder-Legislativo-13.08.2026.pdf
"Votação Nominal – Projeto de Lei nº 087/2026, de autoria do Poder Legislativo 13/08/2026",https://petrolina.pe.leg.br/wp-content/uploads/2026/08/Votacao-Nominal-Projeto-de-Lei-no-087-2026-do-Poder-Legislativo-13.08.2026.pdf
"Votação Nominal – Projeto de Lei nº 016/2026, de autoria do Poder Executivo 13/08/2026",https://petrolina.pe.leg.br/wp-content/uploads/2026/08/Votacao-Nominal-Projeto-de-Lei-no-016-2026-de-autoria-do-Poder-Executivo-13.08.2026.pdf
"Votação Nominal – Projeto de Lei nº 030/2026, de autoria do Poder Legislativo 11/08/2026",https://petrolina.pe.leg.br/wp-content/uploads/2026/08/Votacao-Nominal-Projeto-de-Lei-no-030-2026-do-Poder-Legislativo-11.08.2026.pdf
"Votação Nominal Projeto de Lei nº 012/2026, de autoria do Poder Legislativo 11/08/2026",https://petrolina.pe.leg.br/wp-content/uploads/2026/08/Votacao-Nominal-Projeto-de-Lei-no-012-2026-do-Poder-Legislativo-11.08.2026.pdf
"Votação Nominal – Projeto de Lei nº 082/2026, de autoria do Poder Legislativo 18/06/2026",https://petrolina.pe.leg.br/wp-content/uploads/2026/07/Votacao-Nominal-Projeto-de-Lei-no-082-2026-de-autoria-do-Poder-Legislativo-18.06.2026.pdf
"Votação Nominal – Projeto de Lei nº 080/2026, de autoria do Poder Legislativo 18/06/2026",https://petrolina.pe.leg.br/wp-content/uploads/2026/07/Votacao-Nominal-Projeto-de-Lei-no-080-2026-de-autoria-do-Poder-Legislativo-18.06.2026.pdf
"Votação Nominal – Projeto de Lei nº 079/2026, de autoria do Poder Legislativo 18/06/2026",https://petrolina.pe.leg.br/wp-content/uploads/2026/07/Votacao-Nominal-Projeto-de-Lei-no-079-2026-de-autoria-do-Poder-Legislativo-18.06.2026.pdf
"Votação Nominal – Projeto de Lei nº 078/2026, de autoria do Poder Legislativo 18/06/2026",https://petrolina.pe.leg.br/wp-content/uploads/2026/07/Votacao-Nominal-Projeto-de-Lei-no-078-2026-de-autoria-do-Poder-Legislativo-18.06.2026.pdf
"Votação Nominal – Projeto de Lei nº 077/2026, de autoria do Poder Legislativo 18/06/2026",https://petrolina.pe.leg.br/wp-content/uploads/2026/07/Votacao-Nominal-Projeto-de-Lei-no-077-2026-de-autoria-do-Poder-Legislativo-18.06.2026.pdf
"Votação Nominal – Projeto de Lei nº 075/2026, de autoria do Poder Legislativo 18/06/2026",https://petrolina.pe.leg.br/wp-content/uploads/2026/07/Votacao-Nominal-Projeto-de-Lei-no-075-2026-de-autoria-do-Poder-Legislativo-18.06.2026.pdf
"Votação Nominal – Projeto de Lei nº 014/2026, de autoria do Poder Executivo 18/06/2026",https://petrolina.pe.leg.br/wp-content/uploads/2026/07/Votacao-Nominal-Projeto-de-Lei-no-014-2026-de-autoria-do-Poder-Executivo-18.06.2026.pdf
"Votação Nominal – Projeto de Lei nº 074/2026, de autoria do Poder Legislativo 16/06/2026",https://petrolina.pe.leg.br/wp-content/uploads/2026/07/Votacao-Nominal-Projeto-de-Lei-no-074-2026-de-autoria-do-Poder-Legislativo-16.06.2026.pdf
"Votação Nominal – Projeto de Lei nº 061/2026, de autoria do Poder Legislativo 16/06/2026",https://petrolina.pe.leg.br/wp-content/uploads/2026/07/Votacao-Nominal-Projeto-de-Lei-no-061-2026-de-autoria-do-Poder-Legislativo-16.06.2026.pdf
"Votação Nominal – Projeto de Lei nº 041/2026, de autoria do Poder Legislativo 02/06/2026",https://petrolina.pe.leg.br/wp-content/uploads/2026/07/Votacao-Nominal-Projeto-de-Lei-no-041-2026-de-autoria-do-Poder-Legislativo-02.06.2026.pdf
"Votação Nominal – Projeto de Lei nº 132/2026, de autoria do Poder Legislativo 19/05/2026",https://petrolina.pe.leg.br/wp-content/uploads/2026/05/Votacao-Nominal-Projeto-de-Lei-no-132-2026-de-autoria-do-Poder-Legislativo-19.05.2026.pdf
"Votação Nominal – Projeto de Lei nº 115/2026, de autoria do Poder Legislativo 19/05/2026",https://petrolina.pe.leg.br/wp-content/uploads/2026/05/Votacao-Nominal-Projeto-de-Lei-no-115-2026-de-autoria-do-Poder-Legislativo-19.05.2026.pdf
"Votação Nominal – Projeto de Lei nº 058/2026, de autoria do Poder Legislativo 19/05/2026",https://petrolina.pe.leg.br/wp-content/uploads/2026/05/Votacao-Nominal-Projeto-de-Lei-no-058-2026-de-autoria-do-Poder-Legislativo-19.05.2026.pdf
"Votação Nominal – Projeto de Lei nº 057/2026, de autoria do Poder Legislativo 19/05/2026",https://petrolina.pe.leg.br/wp-content/uploads/2026/05/Votacao-Nominal-Projeto-de-Lei-no-057-2026-de-autoria-do-Poder-Legislativo-19.05.2026.pdf
"Votação Nominal – Projeto de Lei nº 055/2026, de autoria do Poder Legislativo 19/05/2026",https://petrolina.pe.leg.br/wp-content/uploads/2026/05/Votacao-Nominal-Projeto-de-Lei-no-055-2026-de-autoria-do-Poder-Legislativo-19.05.2026.pdf
"Votação Nominal – Projeto de Lei nº 054/2026, de autoria do Poder Legislativo 14/05/2026",https://petrolina.pe.leg.br/wp-content/uploads/2026/05/Votacao-Nominal-Projeto-de-Lei-no-054-2026-de-autoria-do-Poder-Legislativo-14.05.2026.pdf
"Votação Nominal – Projeto de Lei nº 047/2026, de autoria do Poder Legislativo 14/05/2026",https://petrolina.pe.leg.br/wp-content/uploads/2026/05/Votacao-Nominal-Projeto-de-Lei-no-047-2026-de-autoria-do-Poder-Legislativo-14.05.2026.pdf
"Votação Nominal – Projeto de Lei nº 046/2026, de autoria do Poder Legislativo 14/05/2026",https://petrolina.pe.leg.br/wp-content/uploads/2026/05/Votacao-Nominal-Projeto-de-Lei-no-046-2026-de-autoria-do-Poder-Legislativo-14.05.2026.pdf
"Votação Nominal – Projeto de Lei nº 045/2026, de autoria do Poder Legislativo 14/05/2026",https://petrolina.pe.leg.br/wp-content/uploads/2026/05/Votacao-Nominal-Projeto-de-Lei-no-045-2026-de-autoria-do-Poder-Legislativo-14.05.2026.pdf
"Votação Nominal – Projeto de Lei nº 043/2026, de autoria do Poder Legislativo 14/05/2026",https://petrolina.pe.leg.br/wp-content/uploads/2026/05/Votacao-Nominal-Projeto-de-Lei-no-043-2026-de-autoria-do-Poder-Legislativo-14.05.2026.pdf
"Votação Nominal – Projeto de Lei nº 039/2026, de autoria do Poder Legislativo 14/05/2026",https://petrolina.pe.leg.br/wp-content/uploads/2026/05/Votacao-Nominal-Projeto-de-Lei-no-039-2026-de-autoria-do-Poder-Legislativo-14.05.2026.pdf
"Votação Nominal – Projeto de Lei nº 038/2026, de autoria do Poder Legislativo 14/05/2026",https://petrolina.pe.leg.br/wp-content/uploads/2026/05/Votacao-Nominal-Projeto-de-Lei-no-038-2026-de-autoria-do-Poder-Legislativo-14.05.2026-1.pdf
"Votação Nominal – Projeto de Lei nº 035/2026, de autoria do Poder Legislativo 14/05/2026",https://petrolina.pe.leg.br/wp-content/uploads/2026/05/Votacao-Nominal-Projeto-de-Lei-no-035-2026-de-autoria-do-Poder-Legislativo-14.05.2026.pdf
"Votação Nominal – Projeto de Lei nº 033/2026, de autoria do Poder Legislativo 05/05/2026",https://petrolina.pe.leg.br/wp-content/uploads/2026/05/Votacao-Nominal-Projeto-de-Lei-no-033-2026-do-Poder-Legislativo-05.05.2026.pdf
"Votação Nominal – Projeto de Lei nº 049/2026, de autoria do Poder Legislativo 30/04/2026",https://petrolina.pe.leg.br/wp-content/uploads/2026/05/Votacao-Nominal-Projeto-de-Lei-no-049-2026-do-Poder-Legislativo-30.04.2026.pdf
"Votação Nominal – Projeto de Lei nº 013/2026, de autoria do Poder Executivo 30/04/2026",https://petrolina.pe.leg.br/wp-content/uploads/2026/05/Votacao-Nominal-Projeto-de-Lei-no-013-2026-do-Poder-Executivo-30.04.2026.pdf
"Votação Nominal – Projeto de Lei nº 012/2026, de autoria do Poder Executivo 23/04/2026",https://petrolina.pe.leg.br/wp-content/uploads/2026/05/Votacao-Nominal-Projeto-de-Lei-no-012-2026-do-Poder-Executivo-23.04.2026.pdf
"Votação Nominal – Projeto de Resolução nº 003/2026, de autoria do Poder Legislativo 23/04/2026",https://petrolina.pe.leg.br/wp-content/uploads/2026/05/Votacao-Nominal-Projeto-de-Resolucao-no-003-2026-de-autoria-do-do-Poder-Executivo-23.04.2026.pdf
"Votação Nominal – Projeto de Lei nº 042/2026, de autoria do Poder Legislativo 16/04/2026",https://petrolina.pe.leg.br/wp-content/uploads/2026/04/Votacao-Nominal-Projeto-de-Lei-no-042-2026-do-Poder-Legislativo-16.04.2026.pdf
"Votação Nominal – Projeto de Lei nº 027/2026, de autoria do Poder Legislativo 09/04/2026",https://petrolina.pe.leg.br/wp-content/uploads/2026/04/Votacao-Nominal-Projeto-de-Lei-no-027-2026-do-Poder-Legislativo-09.04.2026.pdf
"Votação Nominal – Projeto de Lei nº 058/2026, de autoria do Poder Legislativo 17/03/2026",https://petrolina.pe.leg.br/wp-content/uploads/2026/04/Votacao-Nominal-Projeto-de-Lei-no-058-2026-do-Poder-Legislativo-17.03.2026.pdf
"Votação Nominal – Projeto de Lei nº 058/2025, de autoria do Poder Legislativo 17/03/2026",https://petrolina.pe.leg.br/wp-content/uploads/2026/04/Votacao-Nominal-Projeto-de-Lei-no-058-2025-do-Poder-Legislativo-17.03.2026.pdf
"Votação Nominal – Projeto de Lei nº 048/2025, de autoria do Poder Legislativo 17/03/2026",https://petrolina.pe.leg.br/wp-content/uploads/2026/04/Votacao-Nominal-Projeto-de-Lei-no-048-2025-do-Poder-Legislativo-17.03.2026.pdf
"Votação Nominal – Projeto de Lei nº 031/2026, de autoria do Poder Legislativo 17/03/2026",https://petrolina.pe.leg.br/wp-content/uploads/2026/04/Votacao-Nominal-Projeto-de-Lei-no-031-2026-do-Poder-Legislativo-17.03.2026-1.pdf
"Votação Nominal – Projeto de Lei nº 017/2026, de autoria do Poder Legislativo 12/03/2026",https://petrolina.pe.leg.br/wp-content/uploads/2026/04/Votacao-Nominal-Projeto-de-Lei-no-017-2026-do-Poder-Legislativo-12.03.2026.pdf
"Votação Nominal – Projeto de Resolução nº 002/2026, de autoria do do Poder Legislativo 12/03/2026",https://petrolina.pe.leg.br/wp-content/uploads/2026/05/Votacao-Nominal-Projeto-de-Resolucao-no-002-2026-de-autoria-do-do-Poder-Legislativo-12.03.2026.pdf
"Votação Nominal – Projeto de Resolução nº 001/2026, de autoria do do Poder Legislativo 12/03/2026",https://petrolina.pe.leg.br/wp-content/uploads/2026/05/Votacao-Nominal-Projeto-de-Resolucao-no-001-2026-de-autoria-do-do-Poder-Legislativo-12.03.2026.pdf
"Votação Nominal – Projeto de Lei nº 021/2026, de autoria do Poder Legislativo 05/03/2026",https://petrolina.pe.leg.br/wp-content/uploads/2026/04/Votacao-Nominal-Projeto-de-Lei-no-021-2026-do-Poder-Legislativo-05.03.2026.pdf
"Votação Nominal – Projeto de Lei nº 002/2026, de autoria do Poder Executivo 05/03/2026",https://petrolina.pe.leg.br/wp-content/uploads/2026/04/Votacao-Nominal-Projeto-de-Lei-no-002-2026-do-Poder-Executivo-05.03.2026.pdf
"Votação Nominal – Projeto de Lei nº 019/2026, de autoria do Poder Legislativo 26/02/2026",https://petrolina.pe.leg.br/wp-content/uploads/2026/04/Votacao-Nominal-Projeto-de-Lei-no-019-2026-do-Poder-Legislativo-26.02.2026.pdf
"Votação Nominal – Projeto de Lei nº 018/2026, de autoria do Poder Legislativo 26/02/2026",https://petrolina.pe.leg.br/wp-content/uploads/2026/04/Votacao-Nominal-Projeto-de-Lei-no-018-2026-do-Poder-Legislativo-26.02.2026.pdf
"Votação Nominal – Projeto de Lei nº 015/2026, de autoria do Poder Legislativo 26/02/2026",https://petrolina.pe.leg.br/wp-content/uploads/2026/04/Votacao-Nominal-Projeto-de-Lei-no-015-2026-do-Poder-Legislativo-26.02.2026.pdf
"Votação Nominal – Projeto de Lei nº 014/2026, de autoria do Poder Legislativo 26/02/2026",https://petrolina.pe.leg.br/wp-content/uploads/2026/04/Votacao-Nominal-Projeto-de-Lei-no-014-2026-do-Poder-Legislativo-26.02.2026.pdf
"Votação Nominal – Projeto de Lei nº 008/2026, de autoria do Poder Legislativo 26/02/2026",https://petrolina.pe.leg.br/wp-content/uploads/2026/04/Votacao-Nominal-Projeto-de-Lei-no-008-2026-do-Poder-Legislativo-26.02.2026.pdf
"Votação Nominal – Projeto de Lei nº 006/2026, de autoria do Poder Legislativo 26/02/2026",https://petrolina.pe.leg.br/wp-content/uploads/2026/04/Votacao-Nominal-Projeto-de-Lei-no-006-2026-do-Poder-Legislativo-26.02.2026.pdf
"Votação Nominal – Projeto de Lei nº 002/2026, de autoria do Poder Legislativo 26/02/2026",https://petrolina.pe.leg.br/wp-content/uploads/2026/04/Votacao-Nominal-Projeto-de-Lei-no-002-2026-do-Poder-Legislativo-26.02.2026.pdf
"Votação Nominal – Projeto de Lei nº 001/2026, de autoria do Poder Legislativo 26/02/2026",https://petrolina.pe.leg.br/wp-content/uploads/2026/04/Votacao-Nominal-Projeto-de-Lei-no-001-2026-do-Poder-Legislativo-26.02.2026.pdf
"Votação Nominal – Projeto de Lei nº 001-2026, de autoria do Poder Executivo 24/02/2026",https://petrolina.pe.leg.br/wp-content/uploads/2026/04/Votacao-Nominal-Projeto-de-Lei-no-001-2026-do-Poder-Executivo-24.02.2026.pdf
"Votação Nominal – Projeto de Lei nº 004/2026, de autoria do Poder Legislativo 05/02/2026",https://petrolina.pe.leg.br/wp-content/uploads/2026/02/Votacao-Nominal-Projeto-de-Lei-no-004-2026-do-Poder-Legislativo-05.02.2026.pdf
"Votação Nominal – Projeto de Resolução nº 005/2025, de autoria do Poder Legislativo 18/12/2025",https://petrolina.pe.leg.br/wp-content/uploads/2026/01/Votacao-Nominal-Projeto-de-Resolucao-no-005-2025-do-Poder-Legislativo-18.12.2025.pdf
"Votação Nominal – Projeto de Lei nº 145/2025, de autoria do Poder Legislativo 18/12/2025",https://petrolina.pe.leg.br/wp-content/uploads/2026/01/Votacao-Nominal-Projeto-de-Lei-no-0145-2025-do-Poder-Legislativo-18.12.2025.pdf
"Votação Nominal – Projeto de Lei nº 144/2025, de autoria do Poder Legislativo 18/12/2025",https://petrolina.pe.leg.br/wp-content/uploads/2026/01/Votacao-Nominal-Projeto-de-Lei-no-0144-2025-do-Poder-Legislativo-18.12.2025.pdf
"Votação Nominal – Projeto de Lei nº 143/2025, de autoria do Poder Legislativo 18/12/2025",https://petrolina.pe.leg.br/wp-content/uploads/2026/01/Votacao-Nominal-Projeto-de-Lei-no-0143-2025-do-Poder-Legislativo-18.12.2025.pdf
"Votação Nominal – Projeto de Lei nº 137/2025, de autoria do Poder Legislativo 18/12/2025",https://petrolina.pe.leg.br/wp-content/uploads/2026/01/Votacao-Nominal-Projeto-de-Lei-no-0137-2025-do-Poder-Legislativo-18.12.2025.pdf
"Votação Nominal – Projeto de Lei nº 050/2025, de autoria do Poder Legislativo 18/12/2025",https://petrolina.pe.leg.br/wp-content/uploads/2026/01/Votacao-Nominal-Projeto-de-Lei-no-050-2025-do-Poder-Legislativo-18.12.2025.pdf
"Votação Nominal – Projeto de Lei nº 061/2025, de autoria do Poder Executivo 18/12/2025",https://petrolina.pe.leg.br/wp-content/uploads/2026/01/Votacao-Nominal-Projeto-de-Lei-no-061-2025-do-Poder-Executivo-18.12.2025.pdf
"Votação Nominal – Projeto de Lei Complementar nº 005/2025, de autoria do Poder Executivo 16/12/2025",https://petrolina.pe.leg.br/wp-content/uploads/2026/01/Votacao-Nominal-Projeto-de-Lei-Complementar-no-005-2025-do-Poder-Executivo-16.12.2025.pdf
"Votação Nominal – Projeto de Lei nº 121/2025, de autoria do Poder Legislativo 16/12/2025",https://petrolina.pe.leg.br/wp-content/uploads/2026/01/Votacao-Nominal-Projeto-de-Lei-no-121-2025-do-Poder-Legislativo-16.12.2025.pdf
"Votação Nominal – Projeto de Lei nº 034/2025, de autoria do Poder Legislativo 16/12/2025",https://petrolina.pe.leg.br/wp-content/uploads/2026/01/Votacao-Nominal-Projeto-de-Lei-no-034-2025-do-Poder-Legislativo-16.12.2025.pdf
"Votação Nominal – Projeto de Lei nº 127/2025, de autoria do Poder Legislativo 11/12/2025",https://petrolina.pe.leg.br/wp-content/uploads/2026/01/Votacao-Nominal-Projeto-de-Lei-no-127-2025-do-Poder-Legislativo-11.12.2025.pdf
"Votação Nominal – Projeto de Lei nº 092/2025, de autoria do Poder Legislativo 11/12/2025",https://petrolina.pe.leg.br/wp-content/uploads/2026/01/Votacao-Nominal-Projeto-de-Lei-no-92-2025-do-Poder-Legislativo-11.12.2025.pdf
"Votação Nominal – Projeto de Lei nº 071/2025, de autoria do Poder Legislativo 11/12/2025",https://petrolina.pe.leg.br/wp-content/uploads/2026/01/Votacao-Nominal-Projeto-de-Lei-no-71-2025-do-Poder-Legislativo-11.12.2025.pdf
"Votação Nominal – Projeto de Lei nº 060/2025, de autoria do Poder Executivo 11/12/2025",https://petrolina.pe.leg.br/wp-content/uploads/2026/01/Votacao-Nominal-Projeto-de-Lei-no-060-2025-do-Poder-Executivo-11.12.2025.pdf
"Votação Nominal – Projeto de Lei nº 130/2025, de autoria do Poder Legislativo 09/12/2025",https://petrolina.pe.leg.br/wp-content/uploads/2026/01/Votacao-Nominal-Projeto-de-Lei-no-130-2025-do-Poder-Legislativo-09.12.2025.pdf
"Votação Nominal – Projeto de Lei nº 129/2025, de autoria do Poder Legislativo 09/12/2025",https://petrolina.pe.leg.br/wp-content/uploads/2026/01/Votacao-Nominal-Projeto-de-Lei-no-129-2025-do-Poder-Legislativo-09.12.2025.pdf
"Votação Nominal – Projeto de Lei nº 128/2025, de autoria do Poder Legislativo 09/12/2025",https://petrolina.pe.leg.br/wp-content/uploads/2026/01/Votacao-Nominal-Projeto-de-Lei-no-128-2025-do-Poder-Legislativo-09.12.2025.pdf
"Votação Nominal – Projeto de Lei nº 124/2025, de autoria do Poder Legislativo 09/12/2025",https://petrolina.pe.leg.br/wp-content/uploads/2026/01/Votacao-Nominal-Projeto-de-Lei-no-124-2025-do-Poder-Legislativo-09.12.2025.pdf
"Votação Nominal – Projeto de Lei nº 108/2025, de autoria do Poder Legislativo 09/12/2025",https://petrolina.pe.leg.br/wp-content/uploads/2026/01/Votacao-Nominal-Projeto-de-Lei-no-108-2025-do-Poder-Legislativo-09.12.2025.pdf
"Votação Nominal – Projeto de Lei nº 070/2025, de autoria do Poder Legislativo 09/12/2025",https://petrolina.pe.leg.br/wp-content/uploads/2026/01/Votacao-Nominal-Projeto-de-Lei-no-70-2025-do-Poder-Legislativo-09.12.2025.pdf
"Votação Nominal – Projeto de Lei nº 056/2025, de autoria do Poder Legislativo 09/12/2025",https://petrolina.pe.leg.br/wp-content/uploads/2026/01/Votacao-Nominal-Projeto-de-Lei-no-56-2025-do-Poder-Legislativo-09.12.2025.pdf
"Votação Nominal – Projeto de Lei nº 037/2025, de autoria do Poder Legislativo 09/12/2025",https://petrolina.pe.leg.br/wp-content/uploads/2026/01/Votacao-Nominal-Projeto-de-Lei-no-37-2025-do-Poder-Legislativo-09.12.2025.pdf
"Votação Nominal – Projeto de Lei nº 047/2025 (PPA), de autoria do Poder Executivo 04/12/2025",https://petrolina.pe.leg.br/wp-content/uploads/2026/01/Votacao-Nominal-Projeto-de-Lei-no-047-2025-PPA-do-Poder-Executivo-04.12.2025.pdf
"Votação Nominal – Projeto de Lei nº 046/2025 (LOA), de autoria do Poder Executivo 04/12/2025",https://petrolina.pe.leg.br/wp-content/uploads/2026/01/Votacao-Nominal-Projeto-de-Lei-no-046-2025-LOA-do-Poder-Executivo-04.12.2025.pdf
"Votação Nominal – Projeto de Lei nº 057/2025, de autoria do Poder Executivo 04/12/2025",https://petrolina.pe.leg.br/wp-content/uploads/2026/01/Votacao-Nominal-Projeto-de-Lei-no-057-2025-do-Poder-Executivo-04.12.2025.pdf
"Votação Nominal – Projeto de Lei nº 101/2025, de autoria do Poder Legislativo 02/12/2025",https://petrolina.pe.leg.br/wp-content/uploads/2026/01/Votacao-Nominal-Projeto-de-Lei-no-101-2025-do-Poder-Legislativo-02.12.2025.pdf
"Votação Nominal – Projeto de Lei nº 100/2025, de autoria do Poder Legislativo 02/12/2025",https://petrolina.pe.leg.br/wp-content/uploads/2026/01/Votacao-Nominal-Projeto-de-Lei-no-100-2025-do-Poder-Legislativo-02.12.2025.pdf
"Votação Nominal – Projeto de Lei nº 065/2025, de autoria do Poder Legislativo 02/12/2025",https://petrolina.pe.leg.br/wp-content/uploads/2026/01/Votacao-Nominal-Projeto-de-Lei-no-065-2025-do-Poder-Legislativo-02.12.2025.pdf
"Votação Nominal – Projeto de Lei nº 084/2025, de autoria do Poder Legislativo 25/11/2025",https://petrolina.pe.leg.br/wp-content/uploads/2025/12/Votacao-Nominal-Projeto-de-Lei-no-084-2025-do-Poder-Legislativo-25.11.2025.pdf
"Votação Nominal – Projeto de Lei nº 086/2025, de autoria do Poder Legislativo 25/11/2025",https://petrolina.pe.leg.br/wp-content/uploads/2025/12/Votacao-Nominal-Projeto-de-Lei-no-086-2025-do-Poder-Legislativo-25.11.2025.pdf
"Votação Nominal – Projeto de Lei nº 089/2025, de autoria do Poder Legislativo 25/11/2025",https://petrolina.pe.leg.br/wp-content/uploads/2025/12/Votacao-Nominal-Projeto-de-Lei-no-089-2025-do-Poder-Legislativo-25.11.2025.pdf
"Votação Nominal – Projeto de Lei nº 096/2025, de autoria do Poder Legislativo 25/11/2025",https://petrolina.pe.leg.br/wp-content/uploads/2025/12/Votacao-Nominal-Projeto-de-Lei-no-096-2025-do-Poder-Legislativo-25.11.2025.pdf
"Votação Nominal – Projeto de Lei nº 0104/2025, de autoria do Poder Legislativo 25/11/2025",https://petrolina.pe.leg.br/wp-content/uploads/2025/12/Votacao-Nominal-Projeto-de-Lei-no-0104-2025-do-Poder-Legislativo-25.11.2025.pdf
"Votação Nominal – Projeto de Lei nº 0107/2025, de autoria do Poder Legislativo 25/11/2025",https://petrolina.pe.leg.br/wp-content/uploads/2025/12/Votacao-Nominal-Projeto-de-Lei-no-0107-2025-do-Poder-Legislativo-25.11.2025.pdf
"Votação Nominal – Projeto de Lei nº 082/2025, de autoria do Poder Legislativo 25/11/2025",https://petrolina.pe.leg.br/wp-content/uploads/2025/12/Votacao-Nominal-Projeto-de-Lei-no-082-2025-do-Poder-Legislativo-25.11.2025.pdf
"Votação Nominal – Projeto de Lei nº 010/2025, de autoria do Poder Legislativo 25/11/2025",https://petrolina.pe.leg.br/wp-content/uploads/2025/12/Votacao-Nominal-Projeto-de-Lei-no-010-2025-do-Poder-Legislativo-25.11.2025.pdf
"Votação Nominal – Projeto de Lei nº 079/2025, de autoria do Poder Legislativo 25/11/2025",https://petrolina.pe.leg.br/wp-content/uploads/2025/12/Votacao-Nominal-Projeto-de-Lei-no-079-2025-do-Poder-Legislativo-25.11.2025.pdf
"Votação Nominal – Projeto de Lei nº 083/2025, de autoria do Poder Legislativo 25/11/2025",https://petrolina.pe.leg.br/wp-content/uploads/2025/12/Votacao-Nominal-Projeto-de-Lei-no-083-2025-do-Poder-Legislativo-25.11.2025.pdf
"Votação Nominal – Projeto de Lei Complementar nº 002/2025, de autoria do Poder Legislativo 25/11/2025",https://petrolina.pe.leg.br/wp-content/uploads/2025/12/Votacao-Nominal-Projeto-de-Lei-Complementar-no-002-2025-do-Poder-Legislativo-25.11.2025.pdf
"Votação Nominal – Projeto de Lei nº 056/2025, de autoria do Poder Executivo 13/11/2025",https://petrolina.pe.leg.br/wp-content/uploads/2025/12/Votacao-Nominal-Projeto-de-Lei-no-056-2025-do-Poder-Executivo-13.11.2025.pdf
"Votação Nominal – Projeto de Lei nº 049/2025, de autoria do Poder Legislativo 11/11/2025",https://petrolina.pe.leg.br/wp-content/uploads/2025/12/Votacao-Nominal-Projeto-de-Lei-no-049-2025-do-Poder-Legislativo-11.11.2025.pdf
"Votação Nominal – Projeto de Lei nº 098/2025, de autoria do Poder Legislativo 11/11/2025",https://petrolina.pe.leg.br/wp-content/uploads/2025/12/Votacao-Nominal-Projeto-de-Lei-no-098-2025-do-Poder-Legislativo-11.11.2025.pdf
"Votação Nominal – Projeto de Lei nº 054/2025, de autoria do Poder Executivo 11/11/2025",https://petrolina.pe.leg.br/wp-content/uploads/2025/12/Votacao-Nominal-Projeto-de-Lei-no-054-2025-do-Poder-Executivo-11.11.2025.pdf
"Votação Nominal – Projeto de Lei nº 052/2025, de autoria do Poder Executivo 06/11/2025",https://petrolina.pe.leg.br/wp-content/uploads/2025/12/Votacao-Nominal-Projeto-de-Lei-no-052-2025-do-Poder-Executivo-06.11.2025.pdf
"Votação Nominal – Projeto de Lei nº 055/2025, de autoria do Poder Executivo 06/11/2025",https://petrolina.pe.leg.br/wp-content/uploads/2025/12/Votacao-Nominal-Projeto-de-Lei-no-055-2025-do-Poder-Executivo-06.11.2025.pdf
"Votação Nominal – Projeto de Lei nº 119/2025, de autoria do Poder Legislativo 06/11/2025",https://petrolina.pe.leg.br/wp-content/uploads/2025/12/Votacao-Nominal-Projeto-de-Lei-no-119-2025-do-Poder-Legislativo-06.11.2025.pdf
"Votação Nominal – Projeto de Lei nº 094/2025, de autoria do Poder Legislativo 06/11/2025",https://petrolina.pe.leg.br/wp-content/uploads/2025/12/Votacao-Nominal-Projeto-de-Lei-no-094-2025-do-Poder-Legislativo-06.11.2025.pdf
"Votação Nominal – Projeto de Lei nº 110/2025, de autoria do Poder Legislativo 06/11/2025",https://petrolina.pe.leg.br/wp-content/uploads/2025/12/Votacao-Nominal-Projeto-de-Lei-no-110-2025-do-Poder-Legislativo-06.11.2025.pdf
"Votação Nominal – Projeto de Lei nº 117/2025, de autoria do Poder Legislativo 04/11/2025",https://petrolina.pe.leg.br/wp-content/uploads/2025/12/Votacao-Nominal-Projeto-de-Lei-no-117-2025-do-Poder-Legislativo-04.11.2025.pdf
"Votação Nominal – Projeto de Lei nº 113/2025, de autoria do Poder Legislativo 04/11/2025",https://petrolina.pe.leg.br/wp-content/uploads/2025/12/Votacao-Nominal-Projeto-de-Lei-no-113-2025-do-Poder-Legislativo-04.11.2025.pdf
"Votação Nominal – Projeto de Lei nº 112/2025, de autoria do Poder Legislativo 04/11/2025",https://petrolina.pe.leg.br/wp-content/uploads/2025/12/Votacao-Nominal-Projeto-de-Lei-no-112-2025-do-Poder-Legislativo-04.11.2025.pdf
"Votação Nominal – Projeto de Lei nº 102/2025, de autoria do Poder Legislativo 04/11/2025",https://petrolina.pe.leg.br/wp-content/uploads/2025/12/Votacao-Nominal-Projeto-de-Lei-no-102-2025-do-Poder-Legislativo-04.11.2025.pdf
"Votação Nominal – Projeto de Lei nº 076/2025, de autoria do Poder Legislativo 04/11/2025",https://petrolina.pe.leg.br/wp-content/uploads/2025/12/Votacao-Nominal-Projeto-de-Lei-no-076-2025-do-Poder-Legislativo-04.11.2025.pdf
"Votação Nominal – Projeto de Lei nº 025/2025, de autoria do Poder Legislativo 04/11/2025",https://petrolina.pe.leg.br/wp-content/uploads/2025/12/Votacao-Nominal-Projeto-de-Lei-no-025-2025-do-Poder-Legislativo-04.11.2025.pdf
"Votação Nominal – Projeto de Lei nº 053/2025, de autoria do Poder Executivo 30/10/2025",https://petrolina.pe.leg.br/wp-content/uploads/2025/11/Votacao-Nominal-Projeto-de-Lei-no-053-2025-do-Poder-Executivo-30.10.2025.pdf
"Votação Nominal – Projeto de Lei nº 109/2025, de autoria do Poder Legislativo 30/10/2025",https://petrolina.pe.leg.br/wp-content/uploads/2025/11/Votacao-Nominal-Projeto-de-Lei-no-109-2025-do-Poder-Legislativo-30.10.2025.pdf
"Votação Nominal – Projeto de Lei nº 116/2025, de autoria do Poder Legislativo 30/10/2025",https://petrolina.pe.leg.br/wp-content/uploads/2025/11/Votacao-Nominal-Projeto-de-Lei-no-116-2025-do-Poder-Legislativo-30.10.2025.pdf
"Votação Nominal – Projeto de Lei nº 049/2025, de autoria do Poder Executivo 21/10/2025",https://petrolina.pe.leg.br/wp-content/uploads/2025/11/Votacao-Nominal-Projeto-de-Lei-no-049-2025-do-Poder-Executivo-21.10.2025.pdf
"Votação Nominal – Projeto de Lei nº 048/2025, de autoria do Poder Executivo 16/10/2025",https://petrolina.pe.leg.br/wp-content/uploads/2025/10/Votacao-Nominal-Projeto-de-Lei-no-048-2025-do-Poder-Executivo-16.10.2025.pdf
"Votação Nominal – Projeto de Lei nº 016/2025, de autoria do Poder Legislativo 07/10/2025",https://petrolina.pe.leg.br/wp-content/uploads/2025/10/Votacao-Nominal-Projeto-de-Lei-no-016-2025-do-Poder-Legislativo-07.10.2025.pdf
"Votação Nominal – Projeto de Lei nº 064/2025, de autoria do Poder Legislativo 02/10/2025",https://petrolina.pe.leg.br/wp-content/uploads/2025/10/Votacao-Nominal-Projeto-de-Lei-no-064-2025-do-Poder-Legislativo-02.10.2025.pdf
"Votação Nominal – Projeto de Lei nº 055/2025, de autoria do Poder Legislativo 02/10/2025",https://petrolina.pe.leg.br/wp-content/uploads/2025/10/Votacao-Nominal-Projeto-de-Lei-no-055-2025-do-Poder-Legislativo-02.10.2025.pdf
"Votação Nominal – Projeto de Lei nº 103/2025, de autoria do Poder Legislativo 30/09/2025",https://petrolina.pe.leg.br/wp-content/uploads/2025/10/Votacao-Nominal-Projeto-de-Lei-no-103-2025-do-Poder-Legislativo-30.09.2025.pdf
"Votação Nominal – Projeto de Lei nº 099/2025, de autoria do Poder Legislativo 30/09/2025",https://petrolina.pe.leg.br/wp-content/uploads/2025/10/Votacao-Nominal-Projeto-de-Lei-no-099-2025-do-Poder-Legislativo-30.09.2025.pdf
"Votação Nominal – Projeto de Lei nº 097/2025, de autoria do Poder Legislativo 30/09/2025",https://petrolina.pe.leg.br/wp-content/uploads/2025/10/Votacao-Nominal-Projeto-de-Lei-no-097-2025-do-Poder-Legislativo-30.09.2025.pdf
"Votação Nominal – Projeto de Lei nº 095/2025, de autoria do Poder Legislativo 30/09/2025",https://petrolina.pe.leg.br/wp-content/uploads/2025/10/Votacao-Nominal-Projeto-de-Lei-no-095-2025-do-Poder-Legislativo-30.09.2025.pdf
"Votação Nominal – Projeto de Lei nº 046/2025, de autoria do Poder Legislativo 30/09/2025",https://petrolina.pe.leg.br/wp-content/uploads/2025/10/Votacao-Nominal-Projeto-de-Lei-no-046-2025-do-Poder-Legislativo-30.09.2025.pdf
"Votação Nominal – Projeto de Lei nº 020/2025, de autoria do Poder Legislativo 30/09/2025",https://petrolina.pe.leg.br/wp-content/uploads/2025/10/Votacao-Nominal-Projeto-de-Lei-no-020-2025-do-Poder-Legislativo-30.09.2025.pdf
"Votação Nominal – Projeto de Lei nº 091/2025, de autoria do Poder Legislativo 18/09/2025",https://petrolina.pe.leg.br/wp-content/uploads/2025/09/Votacao-Nominal-Projeto-de-Lei-no-091-2025-do-Poder-Legislativo-18.09.2025.pdf
"Votação Nominal – Projeto de Lei nº 062/2025, de autoria do Poder Legislativo 18/09/2025",https://petrolina.pe.leg.br/wp-content/uploads/2025/09/Votacao-Nominal-Projeto-de-Lei-no-062-2025-do-Poder-Legislativo-18.09.2025.pdf
"Votação Nominal – Projeto de Lei nº 054/2025, de autoria do Poder Legislativo 18/09/2025",https://petrolina.pe.leg.br/wp-content/uploads/2025/09/Votacao-Nominal-Projeto-de-Lei-no-054-2025-do-Poder-Legislativo-18.09.2025.pdf
"Votação Nominal – Projeto de Lei nº 051/2025, de autoria do Poder Legislativo 18/09/2025",https://petrolina.pe.leg.br/wp-content/uploads/2025/09/Votacao-Nominal-Projeto-de-Lei-no-051-2025-do-Poder-Legislativo-18.09.2025.pdf
"Votação Nominal – Projeto de Lei nº 064/2022, de autoria do Poder Legislativo 18/09/2025",https://petrolina.pe.leg.br/wp-content/uploads/2025/09/Votacao-Nominal-Projeto-de-Lei-no-064-2022-do-Poder-Legislativo-18.09.2025.pdf
"Votação Nominal – Projeto de Lei nº 041/2025, de autoria do Poder Executivo 18/09/2025",https://petrolina.pe.leg.br/wp-content/uploads/2025/09/Votacao-Nominal-Projeto-de-Lei-no-041-2025-do-Poder-Legislativo-18.09.2025.pdf
"Votação Nominal – Projeto de Lei nº 090/2025, de autoria do Poder Legislativo 16/09/2025",https://petrolina.pe.leg.br/wp-content/uploads/2025/09/Votacao-Nominal-Projeto-de-Lei-no-090-2025-do-Poder-Legislativo-16.09.2025.pdf
"Votação Nominal – Projeto de Lei nº 078/2025, de autoria do Poder Legislativo 16/09/2025",https://petrolina.pe.leg.br/wp-content/uploads/2025/09/Votacao-Nominal-Projeto-de-Lei-no-078-2025-do-Poder-Legislativo-16.09.2025.pdf
"Votação Nominal – Projeto de Lei nº 043/2025, de autoria do Poder Legislativo 16/09/2025",https://petrolina.pe.leg.br/wp-content/uploads/2025/09/Votacao-Nominal-Projeto-de-Lei-no-043-2025-do-Poder-Legislativo-16.09.2025.pdf
"Votação Nominal – Projeto de Lei nº 043/2025, de autoria do Poder Executivo 16/09/2025",https://petrolina.pe.leg.br/wp-content/uploads/2025/09/Votacao-Nominal-Projeto-de-Lei-no-043-2025-do-Poder-Executivo-16.09.2025.pdf
"Votação Nominal – Projeto de Lei nº 042/2025, de autoria do Poder Executivo 16/09/2025",https://petrolina.pe.leg.br/wp-content/uploads/2025/09/Votacao-Nominal-Projeto-de-Lei-no-042-2025-do-Poder-Executivo-16.09.2025.pdf
"Votação Nominal – Projeto de Lei nº 088/2025, de autoria do Poder Legislativo 09/09/2025",https://petrolina.pe.leg.br/wp-content/uploads/2025/09/Votacao-Nominal-Projeto-de-Lei-no-088-2025-do-Poder-Legislativo-09.09.2025.pdf
"Votação Nominal – Projeto de Lei nº 072/2025, de autoria do Poder Legislativo 09/09/2025",https://petrolina.pe.leg.br/wp-content/uploads/2025/09/Votacao-Nominal-Projeto-de-Lei-no-072-2025-do-Poder-Legislativo-09.09.2025.pdf
"Votação Nominal – Projeto de Lei nº 067/2025, de autoria do Poder Legislativo 09/09/2025",https://petrolina.pe.leg.br/wp-content/uploads/2025/09/Votacao-Nominal-Projeto-de-Lei-no-067-2025-do-Poder-Legislativo-09.09.2025.pdf
"Votação Nominal – Projeto de Lei nº 040/2025, de autoria do Poder Executivo 09/09/2025",https://petrolina.pe.leg.br/wp-content/uploads/2025/09/Votacao-Nominal-Projeto-de-Lei-no-040-2025-do-Poder-Executivo-09.09.2025.pdf
"Votação Nominal – Projeto de Lei nº 039/2025, de autoria do Poder Executivo 09/09/2025",https://petrolina.pe.leg.br/wp-content/uploads/2025/09/Votacao-Nominal-Projeto-de-Lei-no-039-2025-do-Poder-Executivo-09.09.2025.pdf
"Votação Nominal – Projeto de Lei nº 036/2025, de autoria do Poder Executivo 28/08/2025",https://petrolina.pe.leg.br/wp-content/uploads/2025/09/Votacao-Nominal-Projeto-de-Lei-no-036-2025-do-Poder-Executivo-28.08.2025.pdf
"Votação Nominal – Projeto de Lei nº 035/2025, de autoria do Poder Executivo 14/08/2025",https://petrolina.pe.leg.br/wp-content/uploads/2025/08/Votacao-Nominal-Projeto-de-Lei-no-035-2025-do-Poder-Executivo-14.08.2025.pdf
"Votação Nominal – Projeto de Lei nº 034/2025, de autoria do Poder Executivo 14/08/2025",https://petrolina.pe.leg.br/wp-content/uploads/2025/08/Votacao-Nominal-Projeto-de-Lei-no-034-2025-do-Poder-Executivo-14.08.2025.pdf
"Votação Nominal – Projeto de Lei nº 033/2025, de autoria do Poder Executivo 14/08/2025",https://petrolina.pe.leg.br/wp-content/uploads/2025/08/Votacao-Nominal-Projeto-de-Lei-no-033-2025-do-Poder-Executivo-14.08.2025.pdf
"Votação Nominal – Projeto de Lei nº 021/2025, de autoria do Poder Legislativo 14/08/2025",https://petrolina.pe.leg.br/wp-content/uploads/2025/08/Votacao-Nominal-Projeto-de-Lei-no-021-2025-do-Poder-Legislativo-14.08.2025.pdf
"Votação Nominal – Projeto de Lei nº 069/2025, de autoria do Poder Legislativo 10/06/2025",https://petrolina.pe.leg.br/wp-content/uploads/2025/06/Votacao-Nominal-Projeto-de-Lei-no-069-2025-do-Poder-Legislativo-10.06.2025.pdf
"Votação Nominal – Projeto de Lei nº 061/2025, de autoria do Poder Legislativo 10/06/2025",https://petrolina.pe.leg.br/wp-content/uploads/2025/06/Votacao-Nominal-Projeto-de-Lei-no-061-2025-do-Poder-Legislativo-10.06.2025.pdf
"Votação Nominal – Projeto de Lei nº 060/2025, de autoria do Poder Legislativo 10/06/2025",https://petrolina.pe.leg.br/wp-content/uploads/2025/06/Votacao-Nominal-Projeto-de-Lei-no-060-2025-do-Poder-Legislativo-10.06.2025.pdf
"Votação Nominal – Projeto de Lei nº 032/2025, de autoria do Poder Executivo 10/06/2025",https://petrolina.pe.leg.br/wp-content/uploads/2025/06/Votacao-Nominal-Projeto-de-Lei-no-032-2025-do-Poder-Executivo-10.06.2025.pdf
"Votação Nominal – Projeto de Lei nº 031/2025, de autoria do Poder Executivo 10/06/2025",https://petrolina.pe.leg.br/wp-content/uploads/2025/06/Votacao-Nominal-Projeto-de-Lei-no-031-2025-do-Poder-Executivo-10.06.2025.pdf
"Votação Nominal – Projeto de Lei nº 030/2025, de autoria do Poder Executivo 10/06/2025",https://petrolina.pe.leg.br/wp-content/uploads/2025/06/Votacao-Nominal-Projeto-de-Lei-no-030-2025-do-Poder-Executivo-10.06.2025.pdf
"Votação Nominal – Projeto de Lei nº 029/2025, de autoria do Poder Executivo 10/06/2025",https://petrolina.pe.leg.br/wp-content/uploads/2025/06/Votacao-Nominal-Projeto-de-Lei-no-029-2025-do-Poder-Executivo-10.06.2025.pdf
"Votação Nominal – Projeto de Lei nº 028/2025, de autoria do Poder Executivo 05/06/2025",https://petrolina.pe.leg.br/wp-content/uploads/2025/06/Votacao-Nominal-Projeto-de-Lei-no-028-2025-do-Poder-Executivo-05.06.2025.pdf
"Votação Nominal – Projeto de Lei nº 027/2025, de autoria do Poder Executivo 05/06/2025",https://petrolina.pe.leg.br/wp-content/uploads/2025/06/Votacao-Nominal-Projeto-de-Lei-no-027-2025-do-Poder-Executivo-05.06.2025.pdf
"Votação Nominal – Projeto de Lei nº 026/2025, de autoria do Poder Executivo 05/06/2025",https://petrolina.pe.leg.br/wp-content/uploads/2025/06/Votacao-Nominal-Projeto-de-Lei-no-026-2025-do-Poder-Executivo-05.06.2025.pdf
"Votação Nominal – Projeto de Lei nº 025/2025, de autoria do Poder Executivo 05/06/2025",https://petrolina.pe.leg.br/wp-content/uploads/2025/06/Votacao-Nominal-Projeto-de-Lei-no-025-2025-do-Poder-Executivo-05.06.2025.pdf
"Votação Nominal – Projeto de Lei Complementar nº 004/2025, de autoria do Poder Executivo 05/06/2025",https://petrolina.pe.leg.br/wp-content/uploads/2025/06/Votacao-Nominal-Projeto-de-Lei-Complementar-no-004-2025-do-Poder-Executivo-05.06.2025.pdf
"Votação Nominal – Projeto de Lei nº 052/2025, de autoria do Poder Legislativo 03/06/2025",https://petrolina.pe.leg.br/wp-content/uploads/2025/06/Votacao-Nominal-Projeto-de-Lei-no-052-2025-do-Poder-Legislativo-03.06.2025.pdf
"Votação Nominal – Projeto de Lei nº 057/2025, de autoria do Poder Legislativo 22/05/2025",https://petrolina.pe.leg.br/wp-content/uploads/2025/06/Votacao-Nominal-Projeto-de-Lei-no-057-2025-do-Poder-Legislativo-22.05.2025.pdf
"Votação Nominal – Projeto de Lei nº 044/2025, de autoria do Poder Legislativo 15/05/2025",https://petrolina.pe.leg.br/wp-content/uploads/2025/05/Votacao-Nominal-Projeto-de-Lei-no-044-2025-do-Poder-Legislativo-15.05.2025.pdf
"Votação Nominal – Projeto de Lei nº 042/2025, de autoria do Poder Legislativo 13/05/2025",https://petrolina.pe.leg.br/wp-content/uploads/2025/05/Votacao-Nominal-Projeto-de-Lei-no-042-2025-do-Poder-Legislativo.pdf
"Votação Nominal – Projeto de Lei nº 024/2025, de autoria do Poder Executivo 13/05/2025",https://petrolina.pe.leg.br/wp-content/uploads/2025/05/Votacao-Nominal-Projeto-de-Lei-no-024-2025-do-Poder-Executivo.pdf
"Votação Nominal – Projeto de Lei nº 023/2025, de autoria do Poder Executivo 13/05/2025",https://petrolina.pe.leg.br/wp-content/uploads/2025/05/Votacao-Nominal-Projeto-de-Lei-no-023-2025-do-Poder-Executivo.pdf
"Votação Nominal – Projeto de Lei nº 045/2025, de autoria do Poder Legislativo 06/05/2025",https://petrolina.pe.leg.br/wp-content/uploads/2025/05/Votacao-Nominal-Projeto-de-Lei-no-045-2025-do-Poder-Legislativo.pdf
"Votação Nominal – Projeto de Lei nº 040/2025, de autoria do Poder Legislativo 06/05/2025",https://petrolina.pe.leg.br/wp-content/uploads/2025/05/Votacao-Nominal-Projeto-de-Lei-no-040-2025-do-Poder-Legislativo.pdf
"Votação Nominal – Projeto de Lei nº 022/2025, de autoria do Poder Executivo 29/04/2025",https://petrolina.pe.leg.br/wp-content/uploads/2025/05/Votacao-Nominal-Projeto-de-Lei-no-022-2025-do-Poder-Executivo-29.04.2025.pdf
"Votação Nominal – Projeto de Lei nº 021/2025, de autoria do Poder Executivo 29/04/2025",https://petrolina.pe.leg.br/wp-content/uploads/2025/05/Votacao-Nominal-Projeto-de-Lei-no-021-2025-do-Poder-Executivo-29.04.2025.pdf
"Votação Nominal – Projeto de Lei nº 020/2025, de autoria do Poder Executivo 29/04/2025",https://petrolina.pe.leg.br/wp-content/uploads/2025/05/Votacao-Nominal-Projeto-de-Lei-no-020-2025-do-Poder-Executivo-29.04.2025.pdf
"Votação Nominal – Projeto de Lei nº 035/2025, de autoria do Poder Legislativo 10/04/2025",https://petrolina.pe.leg.br/wp-content/uploads/2025/04/Votacao-Nominal-Projeto-de-Lei-no-035-2025-do-Poder-Legislativo.pdf
"Votação Nominal – Projeto de Lei nº 024/2025, de autoria do Poder Legislativo 10/04/2025",https://petrolina.pe.leg.br/wp-content/uploads/2025/04/Votacao-Nominal-Projeto-de-Lei-no-024-2025-do-Poder-Legislativo.pdf
"Votação Nominal – Projeto de Lei nº 019/2025, de autoria do Poder Executivo 03/04/2025",https://petrolina.pe.leg.br/wp-content/uploads/2025/04/Votacao-Nominal-Projeto-de-Lei-no-019-2025-do-Poder-Executivo.pdf
"Votação Nominal – Projeto de Lei nº 018/2025, de autoria do Poder Executivo 03/04/2025",https://petrolina.pe.leg.br/wp-content/uploads/2025/04/Votacao-Nominal-Projeto-de-Lei-no-018-2025-do-Poder-Executivo.pdf
"Votação Nominal – Projeto de Lei nº 017/2025, de autoria do Poder Executivo 03/04/2025",https://petrolina.pe.leg.br/wp-content/uploads/2025/04/Votacao-Nominal-Projeto-de-Lei-no-017-2025-do-Poder-Executivo.pdf
"Votação Nominal – Projeto de Lei nº 016/2025, de autoria do Poder Executivo 03/04/2025",https://petrolina.pe.leg.br/wp-content/uploads/2025/04/Votacao-Nominal-Projeto-de-Lei-no-016-2025-do-Poder-Executivo.pdf
"Votação Nominal – Projeto de Lei nº 028/2025, de autoria do Poder Legislativo 03/04/2025",https://petrolina.pe.leg.br/wp-content/uploads/2025/04/Votacao-Nominal-Projeto-de-Lei-no-028-2025-do-Poder-Legislativo.pdf
"Votação Nominal – Projeto de Lei nº 023/2025, de autoria do Poder Legislativo 03/04/2025",https://petrolina.pe.leg.br/wp-content/uploads/2025/04/Votacao-Nominal-Projeto-de-Lei-no-023-2025-do-Poder-Legislativo.pdf
"Votação Nominal – Projeto de Lei nº 017/2025, de autoria do Poder Legislativo 25/03/2025",https://petrolina.pe.leg.br/wp-content/uploads/2025/04/Votacao-Nominal-Projeto-de-Lei-no-017-2025-do-Poder-Legislativo.pdf
"Votação Nominal – Projeto de Lei nº 014/2025, de autoria do Poder Legislativo 27/02/2025",https://petrolina.pe.leg.br/wp-content/uploads/2025/04/Votacao-Nominal-Projeto-de-Lei-no-0014-2025-do-Poder-Legislativo-27.02.2025.pdf
"Votação Nominal – Projeto de Lei nº 009/2025, de autoria do Poder Legislativo 25/02/2025",https://petrolina.pe.leg.br/wp-content/uploads/2025/04/Votacao-Nominal-Projeto-de-Lei-no-009-2025-do-Poder-Legislativo-25.02.2025.pdf
"Votação Nominal – Projeto de Lei nº 007/2025, de autoria do Poder Legislativo 25/02/2025",https://petrolina.pe.leg.br/wp-content/uploads/2025/04/Votacao-Nominal-Projeto-de-Lei-no-007-2025-do-Poder-Legislativo-25.02.2025.pdf
"Votação Nominal – Projeto de Lei nº 015/2025, de autoria do Poder Executivo 20/02/2025",https://petrolina.pe.leg.br/wp-content/uploads/2025/02/Votacao-Nominal-Projeto-de-Lei-no-015-2025-do-Poder-Executivo.pdf
"Votação Nominal – Projeto de Lei Complementar nº 001/2025, de autoria do Poder Legislativo 18/02/2025",https://petrolina.pe.leg.br/wp-content/uploads/2025/02/Votacao-Nominal-Projeto-de-Lei-Complementar-no-001-2025-do-Poder-Legislativo.pdf
"Votação Nominal – Projeto de Lei Complementar nº 003/2025, de autoria do Poder Executivo 18/02/2025",https://petrolina.pe.leg.br/wp-content/uploads/2025/02/Votacao-Nominal-Projeto-de-Lei-Complementar-no-003-2025-do-Poder-Executivo.pdf
"Votação Nominal – Projeto de Lei Complementar nº 002/2025, de autoria do Poder Executivo 18/02/2025",https://petrolina.pe.leg.br/wp-content/uploads/2025/02/Votacao-Nominal-Projeto-de-Lei-Complementar-no-002-2025-do-Poder-Executivo.pdf
"Votação Nominal – Projeto de Lei Complementar nº 001/2025, de autoria do Poder Executivo 18/02/2025",https://petrolina.pe.leg.br/wp-content/uploads/2025/02/Votacao-Nominal-Projeto-de-Lei-Complementar-no-001-2025-do-Poder-Executivo.pdf
"Votação Nominal – Projeto de Lei nº 014/2025, de autoria do Poder Executivo 18/02/2025",https://petrolina.pe.leg.br/wp-content/uploads/2025/02/Votacao-Nominal-Projeto-de-Lei-no-014-2025-do-Poder-Executivo.pdf
"Votação Nominal – Projeto de Lei nº 013/2025, de autoria do Poder Executivo 07/01/2025",https://petrolina.pe.leg.br/wp-content/uploads/2025/01/Votacao-Nominal-Projeto-de-Lei-no-013-2025-do-Poder-Executivo.pdf
"Votação Nominal – Projeto de Lei nº 012/2025, de autoria do Poder Executivo 07/01/2025",https://petrolina.pe.leg.br/wp-content/uploads/2025/01/Votacao-Nominal-Projeto-de-Lei-no-012-2025-do-Poder-Executivo.pdf
"Votação Nominal – Projeto de Lei nº 011/2025, de autoria do Poder Executivo 07/01/2025",https://petrolina.pe.leg.br/wp-content/uploads/2025/01/Votacao-Nominal-Projeto-de-Lei-no-011-2025-do-Poder-Executivo.pdf
"Votação Nominal – Projeto de Lei nº 010/2025, de autoria do Poder Executivo 07/01/2025",https://petrolina.pe.leg.br/wp-content/uploads/2025/01/Votacao-Nominal-Projeto-de-Lei-no-010-2025-do-Poder-Executivo.pdf
"Votação Nominal – Projeto de Lei nº 009/2025, de autoria do Poder Executivo 07/01/2025",https://petrolina.pe.leg.br/wp-content/uploads/2025/01/Votacao-Nominal-Projeto-de-Lei-no-009-2025-do-Poder-Executivo.pdf
"Votação Nominal – Projeto de Lei nº 008/2025, de autoria do Poder Executivo 07/01/2025",https://petrolina.pe.leg.br/wp-content/uploads/2025/01/Votacao-Nominal-Projeto-de-Lei-no-008-2025-do-Poder-Executivo.pdf
"Votação Nominal – Projeto de Lei nº 007/2025, de autoria do Poder Executivo 07/01/2025",https://petrolina.pe.leg.br/wp-content/uploads/2025/01/Votacao-Nominal-Projeto-de-Lei-no-007-2025-do-Poder-Executivo.pdf
"Votação Nominal – Projeto de Lei nº 006/2025, de autoria do Poder Executivo 07/01/2025",https://petrolina.pe.leg.br/wp-content/uploads/2025/01/Votacao-Nominal-Projeto-de-Lei-no-006-2025-do-Poder-Executivo.pdf
"Votação Nominal – Projeto de Lei nº 005/2025, de autoria do Poder Executivo 07/01/2025",https://petrolina.pe.leg.br/wp-content/uploads/2025/01/Votacao-Nominal-Projeto-de-Lei-no-005-2025-do-Poder-Executivo-1.pdf
"Votação Nominal – Projeto de Lei nº 004/2025, de autoria do Poder Executivo 07/01/2025",https://petrolina.pe.leg.br/wp-content/uploads/2025/01/Votacao-Nominal-Projeto-de-Lei-no-004-2025-do-Poder-Executivo.pdf
"Votação Nominal – Projeto de Lei nº 003/2025, de autoria do Poder Executivo 07/01/2025",https://petrolina.pe.leg.br/wp-content/uploads/2025/01/Votacao-Nominal-Projeto-de-Lei-no-003-2025-do-Poder-Executivo.pdf
"Votação Nominal – Projeto de Lei nº 002/2025, de autoria do Poder Executivo 07/01/2025",https://petrolina.pe.leg.br/wp-content/uploads/2025/01/Votacao-Nominal-Projeto-de-Lei-no-002-2025-do-Poder-Executivo.pdf
"Votação Nominal – Emenda Modificativa nº 001 ao Projeto de Lei nº 001/2025, de autoria do Poder Executivo 07/01/2025",https://petrolina.pe.leg.br/wp-content/uploads/2025/01/Votacao-Nominal-Emenda-Modificativa-no-001-ao-Projeto-de-Lei-no-001-2025-do-Poder-Executivo.pdf
"Votação Nominal – Projeto de Lei nº 001/2025, de autoria do Poder Executivo 07/01/2025",https://petrolina.pe.leg.br/wp-content/uploads/2025/01/Votacao-Nominal-Projeto-de-Lei-no-001-2025-do-Poder-Executivo.pdf
"Votação Nominal – Projeto de Resolução n° 007/2024, de autoria do Poder Legislativo 17/12/2024",https://petrolina.pe.leg.br/wp-content/uploads/2024/12/Votacao-Nominal-Projeto-de-Resolucao-n°-007-2024-de-autoria-do-Poder-Legislativo-17.12.2024.pdf
"Votação Nominal – Projeto de Resolução n° 005/2024, de autoria do Poder Legislativo 13/12/2024",https://petrolina.pe.leg.br/wp-content/uploads/2024/12/Votacao-Nominal-Projeto-de-Resolucao-n°-005-2024-de-autoria-do-Poder-Legislativo-13.12.2024.pdf
"Votação Nominal – Projeto de Lei n° 078/2024, de autoria do Poder Legislativo 13/12/2024",https://petrolina.pe.leg.br/wp-content/uploads/2024/12/Votacao-Nominal-Projeto-de-Lei-n°-078-2024-de-autoria-do-Poder-Legislativo-13.12.2024.pdf
"Votação Nominal – Projeto de Lei n° 066/2024, de autoria do Poder Legislativo 13/12/2024",https://petrolina.pe.leg.br/wp-content/uploads/2024/12/Votacao-Nominal-Projeto-de-Lei-n°-066-2024-de-autoria-do-Poder-Legislativo-13.12.2024.pdf
"Votação Nominal – Projeto de Lei n° 031/2024, de autoria do Poder Executivo 13/12/2024",https://petrolina.pe.leg.br/wp-content/uploads/2024/12/Votacao-Nominal-Projeto-de-Lei-n°-031-2024-de-autoria-do-Poder-Executivo-13.12.2024.pdf
"Votação Nominal – Projeto de Lei n° 081/2024, de autoria do Poder Legislativo 05/12/2024",https://petrolina.pe.leg.br/wp-content/uploads/2024/12/Votacao-Nominal-Projeto-de-Lei-n°-081-2024-de-autoria-do-Poder-Legislativo-05.12.2024.pdf
"Votação Nominal – Projeto de Lei n° 077/2024, de autoria do Poder Legislativo 05/12/2024",https://petrolina.pe.leg.br/wp-content/uploads/2024/12/Votacao-Nominal-Projeto-de-Lei-n°-077-2024-de-autoria-do-Poder-Legislativo-05.12.2024.pdf
"Votação Nominal – Projeto de Lei n° 076/2024, de autoria do Poder Legislativo 05/12/2024",https://petrolina.pe.leg.br/wp-content/uploads/2024/12/Votacao-Nominal-Projeto-de-Lei-n°-076-2024-de-autoria-do-Poder-Legislativo-05.12.2024.pdf
Votação Nominal – Proposta de Emenda à Lei Orgânica nº 001/2024 (Poder Legislativo) – 2º Votação 03/12/2024,https://petrolina.pe.leg.br/wp-content/uploads/2024/12/Votacao-Nominal-Proposta-de-Emenda-a-Lei-Organica-no-001-2024-Poder-Legislativo-2o-Votacao-03.12.2024.pdf
"Votação Nominal – Projeto de Lei n° 024/2024 (PPA), de autoria do Poder Executivo 03/12/2024",https://petrolina.pe.leg.br/wp-content/uploads/2024/12/Votacao-Nominal-Projeto-de-Lei-n°-024-2024-PPA-de-autoria-do-Poder-Executivo-03.12.2024.pdf
"Votação Nominal – Projeto de Lei n° 023/2024 (LOA), de autoria do Poder Executivo 03/12/2024",https://petrolina.pe.leg.br/wp-content/uploads/2024/12/Votacao-Nominal-Projeto-de-Lei-n°-023-2024-LOA-de-autoria-do-Poder-Executivo-03.12.2024.pdf
"Votação Nominal – Projeto de Lei n° 079/2024, de autoria do Poder Legislativo 26/11/2024",https://petrolina.pe.leg.br/wp-content/uploads/2024/12/Votacao-Nominal-Projeto-de-Lei-n°-079-2024-de-autoria-do-Poder-Legislativo-26.11.2024.pdf
Votação Nominal – Proposta de Emenda à Lei Orgânica nº 001/2024 (Poder Legislativo) – 1º Votação 21/11/2024,https://petrolina.pe.leg.br/wp-content/uploads/2024/12/Votacao-Nominal-Proposta-de-Emenda-a-Lei-Organica-no-001-2024-Poder-Legislativo-1o-Votacao-21.11.2024.pdf
"Votação Nominal – Projeto de Lei n° 030/2024, de autoria do Poder Executivo 12/11/2024",https://petrolina.pe.leg.br/wp-content/uploads/2024/11/Votacao-Nominal-Projeto-de-Lei-n°-030-2024-de-autoria-do-Poder-Executivo-12.11.2024.pdf
"Votação Nominal – Projeto de Lei n° 029/2024, de autoria do Poder Executivo 12/11/2024",https://petrolina.pe.leg.br/wp-content/uploads/2024/11/Votacao-Nominal-Projeto-de-Lei-n°-029-2024-de-autoria-do-Poder-Executivo-12.11.2024.pdf
"Votação Nominal – Projeto de Lei n° 028/2024, de autoria do Poder Executivo 07/11/2024",https://petrolina.pe.leg.br/wp-content/uploads/2024/11/Votacao-Nominal-Projeto-de-Lei-n°-028-2024-de-autoria-do-Poder-Executivo-07.11.2024.pdf
"Votação Nominal – Projeto de Lei n° 027/2024, de autoria do Poder Executivo 07/11/2024",https://petrolina.pe.leg.br/wp-content/uploads/2024/11/Votacao-Nominal-Projeto-de-Lei-n°-027-2024-de-autoria-do-Poder-Executivo-07.11.2024.pdf
"Votação Nominal – Projeto de Lei Complementar n° 001/2024, de autoria do Poder Legislativo 31/10/2024",https://petrolina.pe.leg.br/wp-content/uploads/2024/10/Votacao-Nominal-Projeto-de-Lei-Complementar-n°-001-2024-de-autoria-do-Poder-Legislativo-31.10.2024.pdf
"Votação Nominal – Projeto de Lei n° 026/2024, de autoria do Poder Executivo 29/10/2024",https://petrolina.pe.leg.br/wp-content/uploads/2024/10/Votacao-Nominal-Projeto-de-Lei-n°-026-2024-de-autoria-do-Poder-Executivo-29.10.2024.pdf
"Votação Nominal – Projeto de Lei n° 025/2024, de autoria do Poder Executivo 24/10/2024",https://petrolina.pe.leg.br/wp-content/uploads/2024/10/Votacao-Nominal-Projeto-de-Lei-n°-025-2024-de-autoria-do-Poder-Executivo-24.10.2024.pdf
"Votação Nominal – Projeto de Lei n° 073/2024, de autoria do Poder Legislativo 17/10/2024",https://petrolina.pe.leg.br/wp-content/uploads/2024/10/Votacao-Nominal-Projeto-de-Lei-n°-073-2024-de-autoria-do-Poder-Legislativo-17.10.2024.pdf
"Votação Nominal – Projeto de Lei n° 072/2024, de autoria do Poder Legislativo 01/10/2024",https://petrolina.pe.leg.br/wp-content/uploads/2024/10/Votacao-Nominal-Projeto-de-Lei-n°-072-2024-de-autoria-do-Poder-Legislativo-01.10.2024.pdf
"Votação Nominal – Projeto de Lei n° 071/2024, de autoria do Poder Legislativo 01/10/2024",https://petrolina.pe.leg.br/wp-content/uploads/2024/10/Votacao-Nominal-Projeto-de-Lei-n°-071-2024-de-autoria-do-Poder-Legislativo-01.10.2024.pdf
"Votação Nominal – Projeto de Lei n° 068/2024, de autoria do Poder Legislativo 12/09/2024",https://petrolina.pe.leg.br/wp-content/uploads/2024/10/Votacao-Nominal-Projeto-de-Lei-n°-068-2024-de-autoria-do-Poder-Legislativo-12.09.2024.pdf
"Votação Nominal – Projeto de Lei n° 018/2024, de autoria do Poder Executivo 10/09/2024",https://petrolina.pe.leg.br/wp-content/uploads/2024/09/Votacao-Nominal-Projeto-de-Lei-n°-018-2024-de-autoria-do-Poder-Executivo-10.09.2024.pdf
"Votação Nominal – Projeto de Lei n° 089/2023, de autoria do Poder Legislativo 10/09/2024",https://petrolina.pe.leg.br/wp-content/uploads/2024/09/Votacao-Nominal-Projeto-de-Lei-n°-089-2023-de-autoria-do-Poder-Legislativo-10.09.2024.pdf
"Votação Nominal – Projeto de Lei n° 021/2024, de autoria do Poder Executivo 03/09/2024",https://petrolina.pe.leg.br/wp-content/uploads/2024/09/Votacao-Nominal-Projeto-de-Lei-n°-021-2024-de-autoria-do-Poder-Executivo-03.09.2024.pdf
"Votação Nominal – Projeto de Lei n° 017/2024, de autoria do Poder Executivo 03/09/2024",https://petrolina.pe.leg.br/wp-content/uploads/2024/09/Votacao-Nominal-Projeto-de-Lei-n°-017-2024-de-autoria-do-Poder-Executivo-03.09.2024.pdf
"Votação Nominal – Projeto de Lei n° 016/2024, de autoria do Poder Executivo 03/09/2024",https://petrolina.pe.leg.br/wp-content/uploads/2024/09/Votacao-Nominal-Projeto-de-Lei-n°-016-2024-de-autoria-do-Poder-Executivo-03.09.2024.pdf
"Votação Nominal – Projeto de Lei n° 015/2024, de autoria do Poder Executivo 03/09/2024",https://petrolina.pe.leg.br/wp-content/uploads/2024/09/Votacao-Nominal-Projeto-de-Lei-n°-015-2024-de-autoria-do-Poder-Executivo-03.09.2024.pdf
Votação Nominal – Proposta de Emenda à Lei Orgânica nº 001/2024 – Poder Executivo 03/09/2024,https://petrolina.pe.leg.br/wp-content/uploads/2024/09/Votacao-Nominal-Proposta-de-Emenda-a-Lei-Organica-no-001-2024-Poder-Executivo-03.09.2024-1.pdf
"Votação Nominal – Projeto de Lei n° 067/2024, de autoria do Poder Legislativo 29/08/2024",https://petrolina.pe.leg.br/wp-content/uploads/2024/09/Votacao-Nominal-Projeto-de-Lei-n°-067-2024-de-autoria-do-Poder-Legislativo-29.08.2024.pdf
Votação Nominal – Parecer da Comissão de Finanças referente às Emendas apresentadas ao Projeto de Lei nº 020/2024 (Lei de Diretrizes Orçamentárias) 29/08/2024,https://petrolina.pe.leg.br/wp-content/uploads/2024/08/Votacao-Nominal-Parecer-da-Comissao-de-Financas-referente-as-Emendas-apresentadas-ao-Projeto-de-Lei-no-020-2024-Lei-de-Diretrizes-Orcamentarias-29.08.2024.pdf
"Votação Nominal – Projeto de Lei n° 020/2024, de autoria do Poder Executivo 29/08/2024",https://petrolina.pe.leg.br/wp-content/uploads/2024/09/Votacao-Nominal-Projeto-de-Lei-n°-020-2024-de-autoria-do-Poder-Executivo-29.08.2024.pdf
"Votação Nominal – Projeto de Lei n° 069/2024, de autoria do Poder Legislativo 22/08/2024",https://petrolina.pe.leg.br/wp-content/uploads/2024/08/Votacao-Nominal-Projeto-de-Lei-n°-069-2024-de-autoria-do-Poder-Legislativo-22.08.2024.pdf
"Votação Nominal – Projeto de Lei n° 060/2024, de autoria do Poder Legislativo 22/08/2024",https://petrolina.pe.leg.br/wp-content/uploads/2024/08/Votacao-Nominal-Projeto-de-Lei-n°-060-2024-de-autoria-do-Poder-Legislativo-22.08.2024.pdf
"Votação Nominal – Projeto de Lei n° 048/2024, de autoria do Poder Legislativo 22/08/2024",https://petrolina.pe.leg.br/wp-content/uploads/2024/08/Votacao-Nominal-Projeto-de-Lei-n°-048-2024-de-autoria-do-Poder-Legislativo-22.08.2024.pdf
"Votação Nominal – Projeto de Lei n° 057/2024, de autoria do Poder Legislativo 06/08/2024",https://petrolina.pe.leg.br/wp-content/uploads/2024/08/Votacao-Nominal-Projeto-de-Lei-n°-057-2024-de-autoria-do-Poder-Legislativo-06.08.2024.pdf
"Votação Nominal – Projeto de Lei n° 056/2024, de autoria do Poder Legislativo 06/08/2024",https://petrolina.pe.leg.br/wp-content/uploads/2024/08/Votacao-Nominal-Projeto-de-Lei-n°-056-2024-de-autoria-do-Poder-Legislativo-06.08.2024.pdf
"Votação Nominal – Projeto de Lei n° 054/2024, de autoria do Poder Legislativo 06/08/2024",https://petrolina.pe.leg.br/wp-content/uploads/2024/08/Votacao-Nominal-Projeto-de-Lei-n°-054-2024-de-autoria-do-Poder-Legislativo-06.08.2024.pdf
"Votação Nominal – Projeto de Lei n° 053/2024, de autoria do Poder Legislativo 06/08/2024",https://petrolina.pe.leg.br/wp-content/uploads/2024/08/Votacao-Nominal-Projeto-de-Lei-n°-053-2024-de-autoria-do-Poder-Legislativo-06.08.2024.pdf
"Votação Nominal – Projeto de Lei n° 047/2024, de autoria do Poder Legislativo 06/08/2024",https://petrolina.pe.leg.br/wp-content/uploads/2024/08/Votacao-Nominal-Projeto-de-Lei-n°-047-2024-de-autoria-do-Poder-Legislativo-06.08.2024.pdf
"Votação Nominal – Projeto de Lei n° 046/2024, de autoria do Poder Legislativo 06/08/2024",https://petrolina.pe.leg.br/wp-content/uploads/2024/08/Votacao-Nominal-Projeto-de-Lei-n°-046-2024-de-autoria-do-Poder-Legislativo-06.08.2024.pdf
"Votação Nominal – Projeto de Lei n° 045/2024, de autoria do Poder Legislativo 06/08/2024",https://petrolina.pe.leg.br/wp-content/uploads/2024/08/Votacao-Nominal-Projeto-de-Lei-n°-045-2024-de-autoria-do-Poder-Legislativo-06.08.2024.pdf
"Votação Nominal – Projeto de Lei n° 038/2023, de autoria do Poder Legislativo 06/08/2024",https://petrolina.pe.leg.br/wp-content/uploads/2024/08/Votacao-Nominal-Projeto-de-Lei-n°-038-2023-de-autoria-do-Poder-Legislativo-06.08.2024.pdf
"Votação Nominal – Projeto de Lei n° 019/2023, de autoria do Poder Legislativo 06/08/2024",https://petrolina.pe.leg.br/wp-content/uploads/2024/08/Votacao-Nominal-Projeto-de-Lei-n°-019-2023-de-autoria-do-Poder-Legislativo-06.08.2024.pdf
"Votação Nominal – Projeto de Lei n° 014/2024, de autoria do Poder Executivo 13/06/2024",https://petrolina.pe.leg.br/wp-content/uploads/2024/07/Votacao-Nominal-Projeto-de-Lei-n°-014-2024-de-autoria-do-Poder-Executivo-13.06.2024.pdf
"Votação Nominal – Projeto de Lei n° 007/2024, de autoria do Poder Legislativo 13/06/2024",https://petrolina.pe.leg.br/wp-content/uploads/2024/07/Votacao-Nominal-Projeto-de-Lei-n°-007-2024-de-autoria-do-Poder-Legislativo-13.06.2024.pdf
"Votação Nominal – Projeto de Lei n° 013/2024, de autoria do Poder Executivo 11/06/2024",https://petrolina.pe.leg.br/wp-content/uploads/2024/07/Votacao-Nominal-Projeto-de-Lei-n°-013-2024-de-autoria-do-Poder-Executivo-11.06.2024.pdf
"Votação Nominal – Projeto de Lei n° 041/2024, de autoria do Poder Legislativo 11/06/2024",https://petrolina.pe.leg.br/wp-content/uploads/2024/07/Votacao-Nominal-Projeto-de-Lei-n°-041-2024-de-autoria-do-Poder-Legislativo-11.06.2024.pdf
"Votação Nominal – Projeto de Lei n° 035/2024, de autoria do Poder Legislativo 23/05/2024",https://petrolina.pe.leg.br/wp-content/uploads/2024/07/Votacao-Nominal-Projeto-de-Lei-n°-035-2024-de-autoria-do-Poder-Legislativo-23.05.2024.pdf
"Votação Nominal – Projeto de Lei n° 039/2024, de autoria do Poder Legislativo 23/05/2024",https://petrolina.pe.leg.br/wp-content/uploads/2024/07/Votacao-Nominal-Projeto-de-Lei-n°-039-2024-de-autoria-do-Poder-Legislativo-23.05.2024.pdf
"Votação Nominal – Projeto de Lei n° 026/2024, de autoria do Poder Legislativo 16/05/2024",https://petrolina.pe.leg.br/wp-content/uploads/2024/07/Votacao-Nominal-Projeto-de-Lei-n°-026-2024-de-autoria-do-Poder-Legislativo-16.05.2024.pdf
"Votação Nominal – Projeto de Lei n° 032/2024, de autoria do Poder Legislativo 16/05/2024",https://petrolina.pe.leg.br/wp-content/uploads/2024/07/Votacao-Nominal-Projeto-de-Lei-n°-032-2024-de-autoria-do-Poder-Legislativo-16.05.2024.pdf
"Votação Nominal – Projeto de Lei n° 021/2024, de autoria do Poder Legislativo 16/05/2024",https://petrolina.pe.leg.br/wp-content/uploads/2024/07/Votacao-Nominal-Projeto-de-Lei-n°-021-2024-de-autoria-do-Poder-Legislativo-16.05.2024.pdf
"Votação Nominal – Projeto de Lei n° 022/2024, de autoria do Poder Legislativo 16/05/2024",https://petrolina.pe.leg.br/wp-content/uploads/2024/07/Votacao-Nominal-Projeto-de-Lei-n°-022-2024-de-autoria-do-Poder-Legislativo-16.05.2024.pdf
"Votação Nominal – Projeto de Lei n° 034/2024, de autoria do Poder Legislativo 14/05/2024",https://petrolina.pe.leg.br/wp-content/uploads/2024/07/Votacao-Nominal-Projeto-de-Lei-n°-034-2024-de-autoria-do-Poder-Legislativo-14.05.2024.pdf
"Votação Nominal – Projeto de Lei n° 027/2024, de autoria do Poder Legislativo 09/05/2024",https://petrolina.pe.leg.br/wp-content/uploads/2024/07/Votacao-Nominal-Projeto-de-Lei-n°-027-2024-de-autoria-do-Poder-Legislativo-09.05.2024.pdf
"Votação Nominal – Projeto de Lei n° 028/2024, de autoria do Poder Legislativo 09/05/2024",https://petrolina.pe.leg.br/wp-content/uploads/2024/07/Votacao-Nominal-Projeto-de-Lei-n°-028-2024-de-autoria-do-Poder-Legislativo-09.05.2024.pdf
"Votação Nominal – Projeto de Lei n° 033/2024, de autoria do Poder Legislativo 09/05/2024",https://petrolina.pe.leg.br/wp-content/uploads/2024/07/Votacao-Nominal-Projeto-de-Lei-n°-033-2024-de-autoria-do-Poder-Legislativo-09.05.2024.pdf
"Votação Nominal – Projeto de Lei n° 018/2024, de autoria do Poder Legislativo 02/05/2024",https://petrolina.pe.leg.br/wp-content/uploads/2024/07/Votacao-Nominal-Projeto-de-Lei-n°-018-2024-de-autoria-do-Poder-Legislativo-02.05.2024.pdf
"Votação Nominal – Projeto de Lei n° 087/2023, de autoria do Poder Legislativo 02/05/2024",https://petrolina.pe.leg.br/wp-content/uploads/2024/07/Votacao-Nominal-Projeto-de-Lei-n°-087-2024-de-autoria-do-Poder-Legislativo-02.05.2024.pdf
"Votação Nominal – Projeto de Lei n° 009/2024, de autoria do Poder Executivo 23/04/2024",https://petrolina.pe.leg.br/wp-content/uploads/2024/07/Votacao-Nominal-Projeto-de-Lei-n°-009-2024-de-autoria-do-Poder-Executivo-23.04.2024.pdf
"Votação Nominal – Projeto de Lei n° 010/2024, de autoria do Poder Executivo 23/04/2024",https://petrolina.pe.leg.br/wp-content/uploads/2024/07/Votacao-Nominal-Projeto-de-Lei-n°-010-2024-de-autoria-do-Poder-Executivo-23.04.2024.pdf
"Votação Nominal – Projeto de Lei n° 003/2024, de autoria do Poder Legislativo 18/04/2024",https://petrolina.pe.leg.br/wp-content/uploads/2024/07/Votacao-Nominal-Projeto-de-Lei-n°-003-2024-de-autoria-do-Poder-Legislativo-18.04.2024.pdf
"Votação Nominal – Projeto de Lei n° 005/2024, de autoria do Poder Legislativo 18/04/2024",https://petrolina.pe.leg.br/wp-content/uploads/2024/07/Votacao-Nominal-Projeto-de-Lei-n°-005-2024-de-autoria-do-Poder-Legislativo-18.04.2024.pdf
"Votação Nominal – Projeto de Lei n° 017/2024, de autoria do Poder Legislativo 11/04/2024",https://petrolina.pe.leg.br/wp-content/uploads/2024/07/Votacao-Nominal-Projeto-de-Lei-n°-017-2024-de-autoria-do-Poder-Legislativo-11.04.2024.pdf
"Votação Nominal – Projeto de Lei n° 008/2024, de autoria do Poder Executivo 09/04/2024",https://petrolina.pe.leg.br/wp-content/uploads/2024/07/Votacao-Nominal-Projeto-de-Lei-n°-008-2024-de-autoria-do-Poder-Executivo-09.04.2024.pdf
"Votação Nominal – Projeto de Lei n° 024/2024, de autoria do Poder Legislativo 09/04/2024",https://petrolina.pe.leg.br/wp-content/uploads/2024/07/Votacao-Nominal-Projeto-de-Lei-n°-024-2024-de-autoria-do-Poder-Legislativo-09.04.2024.pdf
"Votação Nominal – Projeto de Lei n° 007/2024, de autoria do Poder Executivo 26/03/2024",https://petrolina.pe.leg.br/wp-content/uploads/2024/07/Votacao-Nominal-Projeto-de-Lei-n°-007-2024-de-autoria-do-Poder-Executivo-26.03.2024.pdf
"Votação Nominal – Projeto de Lei n° 006/2024, de autoria do Poder Executivo 26/03/2024",https://petrolina.pe.leg.br/wp-content/uploads/2024/07/Votacao-Nominal-Projeto-de-Lei-n°-006-2024-de-autoria-do-Poder-Executivo-26.03.2024.pdf
"Votação Nominal – Projeto de Lei n° 013/2024, de autoria do Poder Legislativo 21/03/2024",https://petrolina.pe.leg.br/wp-content/uploads/2024/07/Votacao-Nominal-Projeto-de-Lei-n°-013-2024-de-autoria-do-Poder-Legislativo-21.03.2024.pdf
"Votação Nominal – Projeto de Lei n° 012/2024, de autoria do Poder Legislativo 21/03/2024",https://petrolina.pe.leg.br/wp-content/uploads/2024/07/Votacao-Nominal-Projeto-de-Lei-n°-012-2024-de-autoria-do-Poder-Legislativo-21.03.2024.pdf
"Votação Nominal – Projeto de Lei n° 011/2024, de autoria do Poder Legislativo 21/03/2024",https://petrolina.pe.leg.br/wp-content/uploads/2024/07/Votacao-Nominal-Projeto-de-Lei-n°-011-2024-de-autoria-do-Poder-Legislativo-21.03.2024.pdf
"Votação Nominal – Projeto de Lei n° 006/2024, de autoria do Poder Legislativo 21/03/2024",https://petrolina.pe.leg.br/wp-content/uploads/2024/07/Votacao-Nominal-Projeto-de-Lei-n°-006-2024-de-autoria-do-Poder-Legislativo-21.03.2024.pdf
"Votação Nominal – Projeto de Lei n° 005/2024, de autoria do Poder Executivo 21/03/2024",https://petrolina.pe.leg.br/wp-content/uploads/2024/07/Votacao-Nominal-Projeto-de-Lei-n°-005-2024-de-autoria-do-Poder-Executivo-21.03.2024.pdf
"Votação Nominal – Projeto de Lei n° 004/2024, de autoria do Poder Legislativo 14/03/2024",https://petrolina.pe.leg.br/wp-content/uploads/2024/07/Votacao-Nominal-Projeto-de-Lei-n°-004-2024-de-autoria-do-Poder-Legislativo-14.03.2024.pdf
"Votação Nominal – Projeto de Lei n° 004/2024, de autoria do Poder Executivo 14/03/2024",https://petrolina.pe.leg.br/wp-content/uploads/2024/07/Votacao-Nominal-Projeto-de-Lei-n°-004-2024-de-autoria-do-Poder-Executivo-14.03.2024.pdf
"Votação Nominal – Projeto de Lei n° 003/2024, de autoria do Poder Executivo 14/03/2024",https://petrolina.pe.leg.br/wp-content/uploads/2024/07/Votacao-Nominal-Projeto-de-Lei-n°-003-2024-de-autoria-do-Poder-Executivo-14.03.2024.pdf
"Votação Nominal – Projeto de Lei n° 008/2024, de autoria do Poder Legislativo 29/02/2024",https://petrolina.pe.leg.br/wp-content/uploads/2024/07/Votacao-Nominal-Projeto-de-Lei-n°-008-2024-de-autoria-do-Poder-Legislativo-29.02.2024.pdf
"Votação Nominal – Projeto de Lei n° 002/2024, de autoria do Poder Executivo 29/02/2024",https://petrolina.pe.leg.br/wp-content/uploads/2024/07/Votacao-Nominal-Projeto-de-Lei-n°-002-2024-de-autoria-do-Poder-Executivo-29.02.2024.pdf
"Votação Nominal – Projeto de Lei n° 001/2024 , de autoria do Poder Executivo 27/02/2024",https://petrolina.pe.leg.br/wp-content/uploads/2024/07/Votacao-Nominal-Projeto-de-Lei-n°-001-2024-de-autoria-do-Poder-Executivo-27.02.2024.pdf
"Votação Nominal – Projeto de Lei n° 021/2023, de autoria do Poder Legislativo 22/02/2024",https://petrolina.pe.leg.br/wp-content/uploads/2024/07/Votacao-Nominal-Projeto-de-Lei-n°-021-2023-de-autoria-do-Poder-Legislativo-22-02-2024.pdf
"Votação Nominal – Projeto de Lei n° 094/2023, de autoria do Poder Legislativo 21/12/2023",https://petrolina.pe.leg.br/wp-content/uploads/2024/07/Votacao-Nominal-Projeto-de-Lei-n°-094-2023-de-autoria-do-Poder-Legislativo.-21-12-2023.pdf
"Votação Nominal – Projeto de Lei n° 036/2023, de autoria do Poder Executivo 21/12/2023",https://petrolina.pe.leg.br/wp-content/uploads/2024/07/Votacao-Nominal-Projeto-de-Lei-n°-036-2023-de-autoria-do-Poder-Executivo.-21-12-2023.pdf
"Votação Nominal – Projeto de Lei n° 034/2023, de autoria do Poder Executivo 21/12/2023",https://petrolina.pe.leg.br/wp-content/uploads/2024/07/Votacao-Nominal-Projeto-de-Lei-n°-034-2023-de-autoria-do-Poder-Executivo.-21-12-2023.pdf
"Votação Nominal – Projeto de Lei n° 033/2023, de autoria do Poder Executivo 21/12/2023",https://petrolina.pe.leg.br/wp-content/uploads/2024/07/Votacao-Nominal-Projeto-de-Lei-n°-033-2023-de-autoria-do-Poder-Executivo.-21-12-2023.pdf
"Votação Nominal – Projeto de Lei n° 029/2023, de autoria do Poder Executivo 21/12/2023",https://petrolina.pe.leg.br/wp-content/uploads/2024/07/Votacao-Nominal-Projeto-de-Lei-n°-029-2023-de-autoria-do-Poder-Executivo.-21-12-2023.pdf
"Votação Nominal – Projeto de Lei n° 093/2023, de autoria do Poder Legislativo 19/12/2023",https://petrolina.pe.leg.br/wp-content/uploads/2024/07/Votacao-Nominal-Projeto-de-Lei-n°-093-2023-de-autoria-do-Poder-Legislativo.-19-12-2023.pdf
"Votação Nominal – Projeto de Lei n° 083/2023, de autoria do Poder Legislativo 19/12/2023",https://petrolina.pe.leg.br/wp-content/uploads/2024/07/Votacao-Nominal-Projeto-de-Lei-n°-083-2023-de-autoria-do-Poder-Legislativo.-19-12-2023.pdf
"Votação Nominal – Projeto de Lei n° 091/2023, de autoria do Poder Legislativo 14/12/2023",https://petrolina.pe.leg.br/wp-content/uploads/2024/07/Votacao-Nominal-Projeto-de-Lei-n°-091-2023-de-autoria-do-Poder-Legislativo.-14-12-2023.pdf
"Votação Nominal – Projeto de Lei n° 027/2023, de autoria do Poder Executivo 14/12/2023",https://petrolina.pe.leg.br/wp-content/uploads/2024/07/Votacao-Nominal-Projeto-de-Lei-n°-027-2023-de-autoria-do-Poder-Executivo.-14-12-2023.pdf
"Votação Nominal – Projeto de Resolução n° 005/2023, de autoria do Poder Legislativo 14/12/2023",https://petrolina.pe.leg.br/wp-content/uploads/2024/07/Votacao-Nominal-Projeto-de-Resolucao-n°-005-2023-de-autoria-do-Poder-Legislativo.-14-12-2023.pdf
"Votação Nominal – Projeto de Lei n° 037/2023, de autoria do Poder Legislativo 12/12/2023",https://petrolina.pe.leg.br/wp-content/uploads/2024/07/Votacao-Nominal-Projeto-de-Lei-n°-037-2023-de-autoria-do-Poder-Legislativo.-12-12-2023.pdf
"Votação Nominal – Projeto de Lei n° 022/2023, de autoria do Poder Legislativo 07/12/2023",https://petrolina.pe.leg.br/wp-content/uploads/2024/07/Votacao-Nominal-Projeto-de-Lei-n°-022-2023-de-autoria-do-Poder-Legislativo.-07-12-2023.pdf
"Votação Nominal – Projeto de Lei n° 032/2023, de autoria do Poder Executivo e da Emenda Aditiva n° 001/2023 07/12/2023",https://petrolina.pe.leg.br/wp-content/uploads/2024/07/Votacao-Nominal-Projeto-de-Lei-n°-032-2023-de-autoria-do-Poder-Executivo-e-da-Emenda-Aditiva-n°-001-2023-.-07-12-2023.pdf
"Votação Nominal – Projeto de Lei n° 080/2023, de autoria do Poder Legislativo 07/12/2023",https://petrolina.pe.leg.br/wp-content/uploads/2024/07/Votacao-Nominal-Projeto-de-Lei-n°-080-2023-de-autoria-do-Poder-Legislativo.-07-12-2023.pdf
"Votação Nominal – Projeto de Lei n° 025/2023 (PPA), de autoria do Poder Executivo 30/11/2023",https://petrolina.pe.leg.br/wp-content/uploads/2024/07/Votacao-Nominal-Projeto-de-Lei-n°-025-2023-PPA-de-autoria-do-Poder-Executivo.-30-11-2023.pdf
"Votação Nominal – Projeto de Lei n° 024/2023 (LOA), de autoria do Poder Executivo 30/11/2023",https://petrolina.pe.leg.br/wp-content/uploads/2024/07/Votacao-Nominal-Projeto-de-Lei-n°-024-2023-LOA-de-autoria-do-Poder-Executivo.-30-11-2023.pdf
"Votação Nominal – Projeto de Lei n° 074/2023, de autoria do Poder Legislativo 28/11/2023",https://petrolina.pe.leg.br/wp-content/uploads/2024/07/Votacao-Nominal-Projeto-de-Lei-n°-074-2023-de-autoria-do-Poder-Legislativo.-28-11-2023.pdf
"Votação Nominal – Projeto de Lei n° 079/2023, de autoria do Poder Legislativo 28/11/2023",https://petrolina.pe.leg.br/wp-content/uploads/2024/07/Votacao-Nominal-Projeto-de-Lei-n°-079-2023-de-autoria-do-Poder-Legislativo.-28-11-2023.pdf
"Votação Nominal – Projeto de Lei n° 076/2023, de autoria do Poder Legislativo 23/11/2023",https://petrolina.pe.leg.br/wp-content/uploads/2024/07/Votacao-Nominal-Projeto-de-Lei-n°-076-2023-de-autoria-do-Poder-Legislativo.-23-11-2023.pdf
"Votação Nominal – Projeto de Lei n° 031/2023, de autoria do Poder Executivo 23/11/2023",https://petrolina.pe.leg.br/wp-content/uploads/2024/07/Votacao-Nominal-Projeto-de-Lei-n°-031-2023-de-autoria-do-Poder-Executivo.-23-11-2023.pdf
"Votação Nominal – Projeto de Lei Complementar n° 001/2023, de autoria do Poder Executivo 16/11/2023",https://petrolina.pe.leg.br/wp-content/uploads/2024/07/Votacao-Nominal-Projeto-de-Lei-Complementar-n°-001-2023-de-autoria-do-Poder-Executivo.-16-11-2023.pdf
"Votação Nominal – Projeto de Lei n° 078/2023, de autoria do Poder Legislativo 16/11/2023",https://petrolina.pe.leg.br/wp-content/uploads/2024/07/Votacao-Nominal-Projeto-de-Lei-n°-078-2023-de-autoria-do-Poder-Legislativo.-16-11-2023.pdf
"Votação Nominal – Projeto de Lei n° 068/2023, de autoria do Poder Legislativo 16/11/2023",https://petrolina.pe.leg.br/wp-content/uploads/2024/07/Votacao-Nominal-Projeto-de-Lei-n°-068-2023-de-autoria-do-Poder-Legislativo.-16-11-2023.pdf
"Votação Nominal – Projeto de Lei n° 030/2023, de autoria do Poder Executivo 16/11/2023",https://petrolina.pe.leg.br/wp-content/uploads/2024/07/Votacao-Nominal-Projeto-de-Lei-n°-030-2023-de-autoria-do-Poder-Executivo.-16-11-2023.pdf
"Votação Nominal – Projeto de Lei n° 077/2023, de autoria do Poder Legislativo 09/11/2023",https://petrolina.pe.leg.br/wp-content/uploads/2024/07/Votacao-Nominal-Projeto-de-Lei-n°-077-2023-de-autoria-do-Poder-Legislativo.-09-11-2023.pdf
"Votação Nominal – Projeto de Lei n° 075/2023, de autoria do Poder Legislativo 09/11/2023",https://petrolina.pe.leg.br/wp-content/uploads/2024/07/Votacao-Nominal-Projeto-de-Lei-n°-075-2023-de-autoria-do-Poder-Legislativo.-09-11-2023.pdf
"Votação Nominal – Projeto de Lei n° 026/2023, de autoria do Poder Legislativo 19/10/2023",https://petrolina.pe.leg.br/wp-content/uploads/2024/07/Votacao-Nominal-Projeto-de-Lei-n°-026-2023-de-autoria-do-Poder-Legislativo.-19-10-2023.pdf
"Votação Nominal – Projeto de Lei n° 020/2023, de autoria do Poder Executivo 05/10/2023",https://petrolina.pe.leg.br/wp-content/uploads/2024/07/Votacao-Nominal-Projeto-de-Lei-n°-020-2023-de-autoria-do-Poder-Executivo.-05-10-2023.pdf
"Votação Nominal – Projeto de Lei n° 062/2023, de autoria do Poder Legislativo 05/10/2023",https://petrolina.pe.leg.br/wp-content/uploads/2024/07/Votacao-Nominal-Projeto-de-Lei-n°-062-2023-de-autoria-do-Poder-Legislativo.-05-10-2023.pdf
"Votação Nominal – Projeto de Lei n° 023/2023, de autoria do Poder Legislativo 05/10/2023",https://petrolina.pe.leg.br/wp-content/uploads/2024/07/Votacao-Nominal-Projeto-de-Lei-n°-023-2023-de-autoria-do-Poder-Legislativo.-05-10-2023.pdf
"Votação Nominal – Projeto de Lei n° 022/2023, de autoria do Poder Executivo 05/10/2023",https://petrolina.pe.leg.br/wp-content/uploads/2024/07/Votacao-Nominal-Projeto-de-Lei-n°-022-2023-de-autoria-do-Poder-Executivo.-05-10-2023.pdf
"Votação Nominal – Projeto de Lei n° 059/2023, de autoria do Poder Legislativo 28/09/2023",https://petrolina.pe.leg.br/wp-content/uploads/2024/07/Votacao-Nominal-Projeto-de-Lei-n°-059-2023-de-autoria-do-Poder-Legislativo.-28-09-2023.pdf
"Votação Nominal – Projeto de Lei n° 052/2023, de autoria do Poder Legislativo 28/09/2023",https://petrolina.pe.leg.br/wp-content/uploads/2024/07/Votacao-Nominal-Projeto-de-Lei-n°-052-2023-de-autoria-do-Poder-Legislativo.-28-09-2023.pdf
"Votação Nominal – Projeto de Lei n° 061/2023, de autoria do Poder Legislativo 26/09/2023",https://petrolina.pe.leg.br/wp-content/uploads/2024/07/Votacao-Nominal-Projeto-de-Lei-n°-061-2023-de-autoria-do-Poder-Legislativo.-26-09-2023.pdf
"Votação Nominal – Projeto de Lei n° 021/2023, de autoria do Poder Executivo 26/09/2023",https://petrolina.pe.leg.br/wp-content/uploads/2024/07/Votacao-Nominal-Projeto-de-Lei-n°-021-2023-de-autoria-do-Poder-Executivo.-26-09-2023.pdf
"Votação Nominal – Projeto de Lei n° 055/2023, de autoria do Poder Legislativo 12/09/2023",https://petrolina.pe.leg.br/wp-content/uploads/2024/07/Votacao-Nominal-Projeto-de-Lei-n°-055-2023-de-autoria-do-Poder-Legislativo.-12-09-2023.pdf
"Votação Nominal – Projeto de Lei n° 020/2023, de autoria do Poder Executivo 12/09/2023",https://petrolina.pe.leg.br/wp-content/uploads/2024/07/Votacao-Nominal-Projeto-de-Lei-n°-020-2023-de-autoria-do-Poder-Executivo.-12-09-2023.pdf
"Votação Nominal – Projeto de Lei n° 019/2023, de autoria do Poder Executivo 12/09/2023",https://petrolina.pe.leg.br/wp-content/uploads/2024/07/Votacao-Nominal-Projeto-de-Lei-n°-019-2023-de-autoria-do-Poder-Executivo.-12-09-2023.pdf
"Votação Nominal – Projeto de Lei n° 017/2023, de autoria do Poder Executivo 29/08/2023",https://petrolina.pe.leg.br/wp-content/uploads/2024/07/Votacao-Nominal-Projeto-de-Lei-n°-017-2023-de-autoria-do-Poder-Executivo.-29-08-2023.pdf
"Votação Nominal – Projeto de Lei n° 051/2023, de autoria do Poder Legislativo 24/08/2023",https://petrolina.pe.leg.br/wp-content/uploads/2024/07/Votacao-Nominal-Projeto-de-Lei-n°-051-2023-de-autoria-do-Poder-Legislativo.-24-08-2023.pdf
"Votação Nominal – Projeto de Lei n° 018/2023, de autoria do Executivo 24/08/2023",https://petrolina.pe.leg.br/wp-content/uploads/2024/07/Votacao-Nominal-Projeto-de-Lei-n°-018-2023-de-autoria-do-Executivo.-24-08-2023.pdf
"Votação Nominal – Projeto de Lei n° 046/2023, de autoria do Poder Legislativo 17/08/2023",https://petrolina.pe.leg.br/wp-content/uploads/2024/07/Votacao-Nominal-Projeto-de-Lei-n°-046-2023-de-autoria-do-Poder-Legislativo.-17-08-2023.pdf
"Votação Nominal – Projeto de Lei n° 045/2023, de autoria do Poder Legislativo 17/08/2023",https://petrolina.pe.leg.br/wp-content/uploads/2024/07/Votacao-Nominal-Projeto-de-Lei-n°-045-2023-de-autoria-do-Poder-Legislativo.-17-08-2023.pdf
"Votação Nominal – Projeto de Lei n° 044/2023, de autoria do Poder Legislativo 17/08/2023",https://petrolina.pe.leg.br/wp-content/uploads/2024/07/Votacao-Nominal-Projeto-de-Lei-n°-044-2023-de-autoria-do-Poder-Legislativo.-17-08-2023.pdf
"Votação Nominal – Projeto de Lei n° 002/2023, de autoria do Poder Legislativo 03/08/2023",https://petrolina.pe.leg.br/wp-content/uploads/2024/07/Votacao-Nominal-Projeto-de-Lei-n°-002-2023-de-autoria-do-Poder-Legislativo.-03-08-2023.pdf
"Votação Nominal – Projeto de Lei n° 034/2023, de autoria do Poder Legislativo 03/08/2023",https://petrolina.pe.leg.br/wp-content/uploads/2024/07/Votacao-Nominal-Projeto-de-Lei-n°-034-2023-de-autoria-do-Poder-Legislativo.-03-08-2023.pdf
