Código da Emenda,Ano da Emenda,Tipo de Emenda,Código do Autor da Emenda,Nome do Autor da Emenda,Número da emenda,Localidade de aplicação do recurso,Código Município IBGE,Município,Código UF IBGE,UF,Região,Código Função,Nome Função,Código Subfunção,Nome Subfunção,Código Programa,Nome Programa,Código Ação,Nome Ação,Código Plano Orçamentário,Nome Plano Orçamentário,Valor Empenhado,Valor Liquidado,Valor Pago,Valor Restos A Pagar Inscritos,Valor Restos A Pagar Cancelados,Valor Restos A Pagar Pagos
Sem informação,2014,Emenda Individual - Transferências com Finalidade Definida,S/I,Sem informação,S/I,PETROLINA - PE,2611101,PETROLINA,2600000,PERNAMBUCO,Nordeste,23,Comércio e serviços,691,Promoção comercial,2047,SIMPLIFICACAO DA VIDA DA EMPRESA E DO CIDADAO: BEM MAISSIMPLES BRASIL,210C,"PROMOCAO DO DESENVOLVIMENTO DE MICRO E PEQUENAS EMPRESAS, MICROEMPREENDEDOR INDIVIDUAL, POTENCIAL EMPREENDEDOR E ARTESANATO",0000,PROMOCAO DO DESENVOLVIMENTO DE MICRO E PEQUENAS EMPRESAS - DESPESAS DIVERSAS,1000000.0,500000.0,500000.0,"500000,00","0,00","500000,00"
Sem informação,2014,Emenda Individual - Transferências com Finalidade Definida,S/I,Sem informação,S/I,PETROLINA - PE,2611101,PETROLINA,2600000,PERNAMBUCO,Nordeste,15,Urbanismo,244,Assistência comunitária,2029,DESENVOLVIMENTO REGIONAL E TERRITORIAL,7K66,APOIO A PROJETOS DE DESENVOLVIMENTO SUSTENTAVEL LOCAL INTEGRADO,0000,APOIO A PROJETOS DE DESENVOLVIMENTO SUSTENTAVEL LOCAL INTEGRADO - DESPESAS DIVERSAS,250000.0,0.0,0.0,"0,00","250000,00","0,00"
Sem informação,2014,Emenda Individual - Transferências com Finalidade Definida,S/I,Sem informação,S/I,PETROLINA - PE,2611101,PETROLINA,2600000,PERNAMBUCO,Nordeste,20,Agricultura,608,Promoção da produção agropecuária,2014,"AGROPECUARIA SUSTENTAVEL, ABASTECIMENTO E COMERCIALIZACAO",20ZV,FOMENTO AO SETOR AGROPECUARIO,0000,FOMENTO AO SETOR AGROPECUARIO - DESPESAS DIVERSAS,100000.0,0.0,0.0,"0,00","2500,00","97500,00"
Sem informação,2014,Emenda Individual - Transferências com Finalidade Definida,S/I,Sem informação,S/I,PETROLINA - PE,2611101,PETROLINA,2600000,PERNAMBUCO,Nordeste,10,Saúde,301,Atenção básica,2015,FORTALECIMENTO DO SISTEMA UNICO DE SAUDE (SUS),8581,ESTRUTURACAO DA REDE DE SERVICOS DE ATENCAO PRIMARIA A SAUDE,0000,ESTRUTURACAO DA REDE DE SERVICOS DE ATENCAO BASICA DE SAUDE - DESPESAS DIVERSAS,899880.0,0.0,0.0,"0,00","0,00","899880,00"
Sem informação,2014,Emenda Individual - Transferências com Finalidade Definida,S/I,Sem informação,S/I,PETROLINA - PE,2611101,PETROLINA,2600000,PERNAMBUCO,Nordeste,10,Saúde,302,Assistência hospitalar e ambulatorial,2015,FORTALECIMENTO DO SISTEMA UNICO DE SAUDE (SUS),8535,ESTRUTURACAO DE UNIDADES DE ATENCAO ESPECIALIZADA EM SAUDE,0000,ESTRUTURACAO DE UNIDADES DE ATENCAO ESPECIALIZADA EM SAUDE - DESPESAS DIVERSAS,1594919.48,0.0,0.0,"0,00","41452,96","1553466,52"
201512180020,2015,Emenda Individual - Transferências com Finalidade Definida,1218,GONZAGA PATRIOTA,0020,PETROLINA - PE,2611101,PETROLINA,2600000,PERNAMBUCO,Nordeste,27,Desporto e lazer,812,Desporto comunitário,2035,"ESPORTE, CIDADANIA E DESENVOLVIMENTO",20JP,"DESENVOLVIMENTO DE ATIVIDADES E APOIO A PROGRAMAS, EVENTOS E PROJETOS DE ESPORTE AMADOR, EDUCACAO, LAZER E INCLUSAO SOCIAL",0000,"DESENVOLVIMENTO DE ATIVIDADES E APOIO A PROJETOS E EVENTOS DE ESPORTE, EDUCACAO, LAZER , INCLUSAO SOCIAL E LEGADO SOCIAL - DESPESAS DIVERSAS",100000.0,0.0,0.0,"0,00","0,00","100000,00"
201512970011,2015,Emenda Individual - Transferências com Finalidade Definida,1297,PAULO RUBEM SANTIAGO,0011,PETROLINA - PE,2611101,PETROLINA,2600000,PERNAMBUCO,Nordeste,10,Saúde,301,Atenção básica,2015,FORTALECIMENTO DO SISTEMA UNICO DE SAUDE (SUS),8581,ESTRUTURACAO DA REDE DE SERVICOS DE ATENCAO PRIMARIA A SAUDE,0000,ESTRUTURACAO DA REDE DE SERVICOS DE ATENCAO BASICA DE SAUDE - DESPESAS DIVERSAS,199765.6,0.0,0.0,"0,00","0,00","199765,60"
201527250017,2015,Emenda Individual - Transferências com Finalidade Definida,2725,ROBERTO TEIXEIRA,0017,PETROLINA - PE,2611101,PETROLINA,2600000,PERNAMBUCO,Nordeste,27,Desporto e lazer,812,Desporto comunitário,2035,"ESPORTE, CIDADANIA E DESENVOLVIMENTO",20JQ,"APOIO A REALIZACAO DE EVENTOS DE ESPORTE AMADOR, EDUCACIONAL, DE LAZER E INCLUSAO SOCIAL",0000,"REALIZACAO E APOIO A EVENTOS DE ESPORTE, LAZER E INCLUSAO SOCIAL - DESPESAS DIVERSAS",1100000.0,0.0,0.0,"0,00","1100000,00","0,00"
201630320008,2016,Emenda Individual - Transferências com Finalidade Definida,3032,ADALBERTO CAVALCANTI,0008,PETROLINA - PE,2611101,PETROLINA,2600000,PERNAMBUCO,Nordeste,10,Saúde,301,Atenção básica,2015,FORTALECIMENTO DO SISTEMA UNICO DE SAUDE (SUS),8581,ESTRUTURACAO DA REDE DE SERVICOS DE ATENCAO PRIMARIA A SAUDE,EIND,EMENDA INDIVIDUAL,460437.0,51180.0,51180.0,"327405,60","0,00","81851,40"
201610710015,2016,Emenda Individual - Transferências com Finalidade Definida,1071,CARLOS EDUARDO CADOCA,0015,PETROLINA - PE,2611101,PETROLINA,2600000,PERNAMBUCO,Nordeste,27,Desporto e lazer,812,Desporto comunitário,2035,"ESPORTE, CIDADANIA E DESENVOLVIMENTO",20JQ,"APOIO A REALIZACAO DE EVENTOS DE ESPORTE AMADOR, EDUCACIONAL, DE LAZER E INCLUSAO SOCIAL",EIND,EMENDA INDIVIDUAL,939217.0,939217.0,939217.0,"0,00","0,00","0,00"
201612180018,2016,Emenda Individual - Transferências com Finalidade Definida,1218,GONZAGA PATRIOTA,0018,PETROLINA - PE,2611101,PETROLINA,2600000,PERNAMBUCO,Nordeste,15,Urbanismo,451,infra-estrutura urbana,2054,PLANEJAMENTO URBANO,1D73,APOIO A POLITICA NACIONAL DE DESENVOLVIMENTO URBANO VOLTADO A IMPLANTACAO E QUALIFICACAO VIARIA,EIND,EMENDA INDIVIDUAL,400000.0,6500.0,6500.0,"0,00","0,00","393500,00"
Sem informação,2016,Emenda de Comissão,-99,RELATOR GERAL,S/I,PETROLINA - PE,2611101,PETROLINA,2600000,PERNAMBUCO,Nordeste,12,Educação,368,Educação básica,2080,EDUCACAO DE QUALIDADE PARA TODOS,20RP,APOIO A INFRAESTRUTURA PARA A EDUCACAO BASICA,ECOM,EMENDA DE COMISSAO,242100.0,242100.0,242100.0,"0,00","0,00","0,00"
201737890002,2017,Emenda Individual - Transferências com Finalidade Definida,3789,FERNANDO BEZERRA COELHO,0002,PETROLINA - PE,2611101,PETROLINA,2600000,PERNAMBUCO,Nordeste,10,Saúde,122,Administração geral,2015,FORTALECIMENTO DO SISTEMA UNICO DE SAUDE (SUS),4525,APOIO A MANUTENCAO DE UNIDADES DE SAUDE,EIND,EMENDA INDIVIDUAL,1500000.0,1500000.0,1500000.0,"0,00","0,00","0,00"
201737890008,2017,Emenda Individual - Transferências com Finalidade Definida,3789,FERNANDO BEZERRA COELHO,0008,PETROLINA - PE,2611101,PETROLINA,2600000,PERNAMBUCO,Nordeste,10,Saúde,301,Atenção básica,2015,FORTALECIMENTO DO SISTEMA UNICO DE SAUDE (SUS),8581,ESTRUTURACAO DA REDE DE SERVICOS DE ATENCAO PRIMARIA A SAUDE,EIND,EMENDA INDIVIDUAL,500000.0,0.0,0.0,"0,00","0,00","500000,00"
201712180009,2017,Emenda Individual - Transferências com Finalidade Definida,1218,GONZAGA PATRIOTA,0009,PETROLINA - PE,2611101,PETROLINA,2600000,PERNAMBUCO,Nordeste,14,Direitos da cidadania,243,Assistência à criança e ao adolescente,2062,"PROMOCAO, PROTECAO E DEFESA DOS DIREITOS HUMANOS DE CRIANCAS E ADOLESCENTES",14UF,"CONSTRUCAO, REFORMA, EQUIPAGEM E AMPLIACAO DE UNIDADES DE ATENDIMENTO SOCIOEDUCATIVO",EIND,EMENDA INDIVIDUAL,99856.0,0.0,0.0,"0,00","0,00","99856,00"
Sem informação,2017,Emenda de Relator,S/I,Sem informação,S/I,PETROLINA - PE,2611101,PETROLINA,2600000,PERNAMBUCO,Nordeste,23,Comércio e serviços,695,Turismo,2076,DESENVOLVIMENTO E PROMOCAO DO TURISMO,10V0,APOIO A PROJETOS DE INFRAESTRUTURA TURISTICA,EREL,EMENDA DE RELATOR,487500.0,0.0,0.0,"0,00","0,00","487500,00"
Sem informação,2017,Emenda de Relator,S/I,Sem informação,S/I,PETROLINA - PE,2611101,PETROLINA,2600000,PERNAMBUCO,Nordeste,20,Agricultura,608,Promoção da produção agropecuária,2077,AGROPECUARIA SUSTENTAVEL,20ZV,FOMENTO AO SETOR AGROPECUARIO,EREL,EMENDA DE RELATOR,2142952.5,2142952.5,975000.0,"0,00","0,00","1167952,50"
Sem informação,2017,Emenda de Relator,S/I,Sem informação,S/I,PETROLINA - PE,2611101,PETROLINA,2600000,PERNAMBUCO,Nordeste,15,Urbanismo,451,infra-estrutura urbana,2054,PLANEJAMENTO URBANO,1D73,APOIO A POLITICA NACIONAL DE DESENVOLVIMENTO URBANO VOLTADO A IMPLANTACAO E QUALIFICACAO VIARIA,EREL,EMENDA DE RELATOR,1976600.0,0.0,0.0,"0,00","0,00","1976600,00"
201830320001,2018,Emenda Individual - Transferências com Finalidade Definida,3032,ADALBERTO CAVALCANTI,0001,PETROLINA - PE,2611101,PETROLINA,2600000,PERNAMBUCO,Nordeste,15,Urbanismo,453,Transportes coletivos urbanos,2048,MOBILIDADE URBANA E TRANSITO,10SS,SISTEMAS DE TRANSPORTE PUBLICO COLETIVO URBANO,EIND,EMENDA INDIVIDUAL,399999.29,86325.72,86325.72,"42204,28","0,00","292571,43"
201830320002,2018,Emenda Individual - Transferências com Finalidade Definida,3032,ADALBERTO CAVALCANTI,0002,PETROLINA - PE,2611101,PETROLINA,2600000,PERNAMBUCO,Nordeste,15,Urbanismo,451,infra-estrutura urbana,2054,PLANEJAMENTO URBANO,1D73,APOIO A POLITICA NACIONAL DE DESENVOLVIMENTO URBANO VOLTADO A IMPLANTACAO E QUALIFICACAO VIARIA,EIND,EMENDA INDIVIDUAL,1775999.41,3500.0,3500.0,"0,00","0,00","1772499,41"
201830320010,2018,Emenda Individual - Transferências com Finalidade Definida,3032,ADALBERTO CAVALCANTI,0010,PETROLINA - PE,2611101,PETROLINA,2600000,PERNAMBUCO,Nordeste,10,Saúde,122,Administração geral,2015,FORTALECIMENTO DO SISTEMA UNICO DE SAUDE (SUS),4525,APOIO A MANUTENCAO DE UNIDADES DE SAUDE,EIND,EMENDA INDIVIDUAL,300000.0,300000.0,300000.0,"0,00","0,00","0,00"
201830320013,2018,Emenda Individual - Transferências com Finalidade Definida,3032,ADALBERTO CAVALCANTI,0013,PETROLINA - PE,2611101,PETROLINA,2600000,PERNAMBUCO,Nordeste,10,Saúde,301,Atenção básica,2015,FORTALECIMENTO DO SISTEMA UNICO DE SAUDE (SUS),8581,ESTRUTURACAO DA REDE DE SERVICOS DE ATENCAO PRIMARIA A SAUDE,EIND,EMENDA INDIVIDUAL,1400000.0,0.0,0.0,"0,00","737000,00","663000,00"
201837890006,2018,Emenda Individual - Transferências com Finalidade Definida,3789,FERNANDO BEZERRA COELHO,0006,PETROLINA - PE,2611101,PETROLINA,2600000,PERNAMBUCO,Nordeste,10,Saúde,301,Atenção básica,2015,FORTALECIMENTO DO SISTEMA UNICO DE SAUDE (SUS),8581,ESTRUTURACAO DA REDE DE SERVICOS DE ATENCAO PRIMARIA A SAUDE,EIND,EMENDA INDIVIDUAL,1210261.0,0.0,0.0,"497420,00","49841,00","663000,00"
201823920004,2018,Emenda Individual - Transferências com Finalidade Definida,2392,FERNANDO COELHO FILHO,0004,PETROLINA - PE,2611101,PETROLINA,2600000,PERNAMBUCO,Nordeste,13,Cultura,392,Difusão cultural,2027,CULTURA: DIMENSAO ESSENCIAL DO DESENVOLVIMENTO,14U2,"IMPLANTACAO, INSTALACAO E AMPLIACAO DE ESPACOS E EQUIPAMENTOS CULTURAIS",EIND,EMENDA INDIVIDUAL,299999.19,3500.0,3500.0,"136736,86","108190,49","177536,97"
Sem informação,2018,Emenda de Comissão,-99,RELATOR GERAL,S/I,PETROLINA - PE,2611101,PETROLINA,2600000,PERNAMBUCO,Nordeste,10,Saúde,122,Administração geral,2015,FORTALECIMENTO DO SISTEMA UNICO DE SAUDE (SUS),4525,APOIO A MANUTENCAO DE UNIDADES DE SAUDE,ECOM,EMENDA DE COMISSAO,2000000.0,0.0,0.0,"0,00","0,00","2000000,00"
201937890003,2019,Emenda Individual - Transferências com Finalidade Definida,3789,FERNANDO BEZERRA COELHO,0003,PETROLINA - PE,2611101,PETROLINA,2600000,PERNAMBUCO,Nordeste,10,Saúde,301,Atenção básica,2015,FORTALECIMENTO DO SISTEMA UNICO DE SAUDE (SUS),8581,ESTRUTURACAO DA REDE DE SERVICOS DE ATENCAO PRIMARIA A SAUDE,EIND,EMENDA INDIVIDUAL,1000000.0,1000000.0,1000000.0,"0,00","0,00","0,00"
201937890004,2019,Emenda Individual - Transferências com Finalidade Definida,3789,FERNANDO BEZERRA COELHO,0004,PETROLINA - PE,2611101,PETROLINA,2600000,PERNAMBUCO,Nordeste,10,Saúde,302,Assistência hospitalar e ambulatorial,2015,FORTALECIMENTO DO SISTEMA UNICO DE SAUDE (SUS),8535,ESTRUTURACAO DE UNIDADES DE ATENCAO ESPECIALIZADA EM SAUDE,EIND,EMENDA INDIVIDUAL,713700.0,713700.0,713700.0,"0,00","0,00","0,00"
201937890005,2019,Emenda Individual - Transferências com Finalidade Definida,3789,FERNANDO BEZERRA COELHO,0005,PETROLINA - PE,2611101,PETROLINA,2600000,PERNAMBUCO,Nordeste,10,Saúde,301,Atenção básica,2015,FORTALECIMENTO DO SISTEMA UNICO DE SAUDE (SUS),2E89,INCREMENTO TEMPORARIO AO CUSTEIO DOS SERVICOS DE ATENCAO PRIMARIA A SAUDE PARA CUMPRIMENTO DE METAS,EIND,EMENDA INDIVIDUAL,3000000.0,3000000.0,3000000.0,"0,00","0,00","0,00"
201937890006,2019,Emenda Individual - Transferências com Finalidade Definida,3789,FERNANDO BEZERRA COELHO,0006,PETROLINA - PE,2611101,PETROLINA,2600000,PERNAMBUCO,Nordeste,10,Saúde,302,Assistência hospitalar e ambulatorial,2015,FORTALECIMENTO DO SISTEMA UNICO DE SAUDE (SUS),2E90,INCREMENTO TEMPORARIO AO CUSTEIO DOS SERVICOS DE ASSISTENCIA HOSPITALAR E AMBULATORIAL PARA CUMPRIMENTO DE METAS,EIND,EMENDA INDIVIDUAL,3020774.0,3020774.0,3020774.0,"0,00","0,00","0,00"
201923920004,2019,Emenda Individual - Transferências com Finalidade Definida,2392,FERNANDO COELHO FILHO,0004,PETROLINA - PE,2611101,PETROLINA,2600000,PERNAMBUCO,Nordeste,10,Saúde,301,Atenção básica,2015,FORTALECIMENTO DO SISTEMA UNICO DE SAUDE (SUS),2E89,INCREMENTO TEMPORARIO AO CUSTEIO DOS SERVICOS DE ATENCAO PRIMARIA A SAUDE PARA CUMPRIMENTO DE METAS,EIND,EMENDA INDIVIDUAL,2700000.0,2700000.0,2700000.0,"0,00","0,00","0,00"
201923920006,2019,Emenda Individual - Transferências com Finalidade Definida,2392,FERNANDO COELHO FILHO,0006,PETROLINA - PE,2611101,PETROLINA,2600000,PERNAMBUCO,Nordeste,10,Saúde,301,Atenção básica,2015,FORTALECIMENTO DO SISTEMA UNICO DE SAUDE (SUS),8581,ESTRUTURACAO DA REDE DE SERVICOS DE ATENCAO PRIMARIA A SAUDE,EIND,EMENDA INDIVIDUAL,999990.0,48990.0,48990.0,"951000,00","0,00","951000,00"
201936860021,2019,Emenda Individual - Transferências com Finalidade Definida,3686,JOAO FERNANDO COUTINHO,0021,PETROLINA - PE,2611101,PETROLINA,2600000,PERNAMBUCO,Nordeste,10,Saúde,301,Atenção básica,2015,FORTALECIMENTO DO SISTEMA UNICO DE SAUDE (SUS),2E89,INCREMENTO TEMPORARIO AO CUSTEIO DOS SERVICOS DE ATENCAO PRIMARIA A SAUDE PARA CUMPRIMENTO DE METAS,EIND,EMENDA INDIVIDUAL,71845.0,0.0,0.0,"71845,00","0,00","71845,00"
Sem informação,2019,Emenda de Comissão,-99,RELATOR GERAL,S/I,PETROLINA - PE,2611101,PETROLINA,2600000,PERNAMBUCO,Nordeste,10,Saúde,511,Saneamento básico rural,2068,SANEAMENTO BASICO,7656,"IMPLANTACAO, AMPLIACAO OU MELHORIA DE ACOES E SERVICOS SUSTENTAVEIS DE SANEAMENTO BASICO EM PEQUENAS COMUNIDADES RURAIS (LOCALIDADES DE PEQUENO PORTE) OU EM COMUNIDADES TRADICIONAIS (REMANESCENTES DE QUILOMBOS)",ECOM,EMENDA DE COMISSAO,5000000.0,0.0,0.0,"8421871,38","0,00","1578128,62"
202071180003,2020,Emenda de Bancada,7118,BANCADA DE PERNAMBUCO,0003,PETROLINA - PE,2611101,PETROLINA,2600000,PERNAMBUCO,Nordeste,10,Saúde,122,Administração geral,5018,ATENCAO ESPECIALIZADA A SAUDE,21C0,ENFRENTAMENTO DA EMERGENCIA DE SAUDE PUBLICA DE IMPORTANCIA INTERNACIONAL DECORRENTE DO CORONAVIRUS,CV60,"COVID-19 - MEDIDA PROVISORIA N. 941, DE 2 DE ABRIL DE 2020",10459866.0,10459866.0,10459866.0,"0,00","0,00","0,00"
202037890002,2020,Emenda Individual - Transferências com Finalidade Definida,3789,FERNANDO BEZERRA COELHO,0002,PETROLINA - PE,2611101,PETROLINA,2600000,PERNAMBUCO,Nordeste,10,Saúde,302,Assistência hospitalar e ambulatorial,5018,ATENCAO ESPECIALIZADA A SAUDE,2E90,INCREMENTO TEMPORARIO AO CUSTEIO DOS SERVICOS DE ASSISTENCIA HOSPITALAR E AMBULATORIAL PARA CUMPRIMENTO DE METAS,0000,INCREMENTO TEMPORARIO AO CUSTEIO DOS SERVICOS DE ASSISTENCIA HOSPITALAR E AMBULATORIAL PARA CUMPRIMENTO DE METAS - DESPESAS DIVERSAS,3985000.0,3985000.0,3985000.0,"0,00","0,00","0,00"
202171180007,2021,Emenda de Bancada,7118,BANCADA DE PERNAMBUCO,0007,PETROLINA - PE,2611101,PETROLINA,2600000,PERNAMBUCO,Nordeste,26,Transporte,782,Transporte rodoviário,3006,TRANSPORTE TERRESTRE E TRANSITO,7X42,ADEQUACAO DA TRAVESSIA URBANA DE PETROLINA NAS BR?S-407/428/PE,0000,ADEQUACAO DA TRAVESSIA URBANA DE PETROLINA NAS BR?S-407/428/PE,12320234.0,0.0,0.0,"24640468,00","0,00","12320234,00"
202137890004,2021,Emenda Individual - Transferências com Finalidade Definida,3789,FERNANDO BEZERRA COELHO,0004,PETROLINA - PE,2611101,PETROLINA,2600000,PERNAMBUCO,Nordeste,26,Transporte,782,Transporte rodoviário,3006,TRANSPORTE TERRESTRE E TRANSITO,7X42,ADEQUACAO DA TRAVESSIA URBANA DE PETROLINA NAS BR?S-407/428/PE,0000,ADEQUACAO DA TRAVESSIA URBANA DE PETROLINA NAS BR?S-407/428/PE,6639993.0,0.0,0.0,"13279986,00","0,00","6639993,00"
202123920004,2021,Emenda Individual - Transferências com Finalidade Definida,2392,FERNANDO COELHO FILHO,0004,PETROLINA - PE,2611101,PETROLINA,2600000,PERNAMBUCO,Nordeste,20,Agricultura,573,Difusão do conhecimento científico e tecnológico,2203,PESQUISA E INOVACAO AGROPECUARIA,8924,TRANSFERENCIA DE TECNOLOGIAS PARA A INOVACAO PARA A AGROPECUARIA,0000,TRANSFERENCIA DE TECNOLOGIAS PARA A INOVACAO PARA A AGROPECUARIA - DESPESAS DIVERSAS,104000.0,1725.0,1725.0,"204550,00","0,00","102275,00"
202123920005,2021,Emenda Individual - Transferências Especiais,2392,FERNANDO COELHO FILHO,0005,PETROLINA - PE,2611101,PETROLINA,2600000,PERNAMBUCO,Nordeste,28,Encargos especiais,845,Outras transferências,0903,OPERACOES ESPECIAIS: TRANSFERENCIAS CONSTITUCIONAIS E AS DECORRENTES DE LEGISLACAO ESPECIFICA,0EC2,TRANSFERENCIAS ESPECIAIS,0000,TRANSFERENCIAS ESPECIAIS - DESPESAS DIVERSAS,500000.0,500000.0,500000.0,"0,00","0,00","0,00"
202138130006,2021,Emenda Individual - Transferências com Finalidade Definida,3813,FERNANDO MONTEIRO,0006,PETROLINA - PE,2611101,PETROLINA,2600000,PERNAMBUCO,Nordeste,10,Saúde,302,Assistência hospitalar e ambulatorial,5018,ATENCAO ESPECIALIZADA A SAUDE,2E90,INCREMENTO TEMPORARIO AO CUSTEIO DOS SERVICOS DE ASSISTENCIA HOSPITALAR E AMBULATORIAL PARA CUMPRIMENTO DE METAS,0000,INCREMENTO TEMPORARIO AO CUSTEIO DOS SERVICOS DE ASSISTENCIA HOSPITALAR E AMBULATORIAL PARA CUMPRIMENTO DE METAS - DESPESAS DIVERSAS,200000.0,200000.0,200000.0,"0,00","0,00","0,00"
202271180012,2022,Emenda de Bancada,7118,BANCADA DE PERNAMBUCO,0012,PETROLINA - PE,2611101,PETROLINA,2600000,PERNAMBUCO,Nordeste,26,Transporte,782,Transporte rodoviário,3006,TRANSPORTE TERRESTRE E TRANSITO,7X42,ADEQUACAO DA TRAVESSIA URBANA DE PETROLINA NAS BR?S-407/428/PE,0000,ADEQUACAO DA TRAVESSIA URBANA DE PETROLINA NAS BR?S-407/428/PE,10184000.0,8522182.8,8390189.07,"1793810,93","0,00","1793810,93"
202237890002,2022,Emenda Individual - Transferências com Finalidade Definida,3789,FERNANDO BEZERRA COELHO,0002,PETROLINA - PE,2611101,PETROLINA,2600000,PERNAMBUCO,Nordeste,26,Transporte,782,Transporte rodoviário,3006,TRANSPORTE TERRESTRE E TRANSITO,7X42,ADEQUACAO DA TRAVESSIA URBANA DE PETROLINA NAS BR?S-407/428/PE,0000,ADEQUACAO DA TRAVESSIA URBANA DE PETROLINA NAS BR?S-407/428/PE,6319665.0,0.0,0.0,"6319665,00","924846,50","5394818,50"
202237890003,2022,Emenda Individual - Transferências com Finalidade Definida,3789,FERNANDO BEZERRA COELHO,0003,PETROLINA - PE,2611101,PETROLINA,2600000,PERNAMBUCO,Nordeste,10,Saúde,302,Assistência hospitalar e ambulatorial,5018,ATENCAO ESPECIALIZADA A SAUDE,2E90,INCREMENTO TEMPORARIO AO CUSTEIO DOS SERVICOS DE ASSISTENCIA HOSPITALAR E AMBULATORIAL PARA CUMPRIMENTO DE METAS,0000,INCREMENTO TEMPORARIO AO CUSTEIO DOS SERVICOS DE ASSISTENCIA HOSPITALAR E AMBULATORIAL PARA CUMPRIMENTO DE METAS - DESPESAS DIVERSAS,1086409.0,1086409.0,1086409.0,"0,00","0,00","0,00"
202223920004,2022,Emenda Individual - Transferências com Finalidade Definida,2392,FERNANDO COELHO FILHO,0004,PETROLINA - PE,2611101,PETROLINA,2600000,PERNAMBUCO,Nordeste,10,Saúde,302,Assistência hospitalar e ambulatorial,5018,ATENCAO ESPECIALIZADA A SAUDE,2E90,INCREMENTO TEMPORARIO AO CUSTEIO DOS SERVICOS DE ASSISTENCIA HOSPITALAR E AMBULATORIAL PARA CUMPRIMENTO DE METAS,0000,INCREMENTO TEMPORARIO AO CUSTEIO DOS SERVICOS DE ASSISTENCIA HOSPITALAR E AMBULATORIAL PARA CUMPRIMENTO DE METAS - DESPESAS DIVERSAS,543203.0,543203.0,543203.0,"0,00","0,00","0,00"
202444090005,2024,Emenda Individual - Transferências com Finalidade Definida,4409,LUCAS RAMOS,0005,PETROLINA - PE,2611101,PETROLINA,2600000,PERNAMBUCO,Nordeste,10,Saúde,302,Assistência hospitalar e ambulatorial,5118,ATENCAO ESPECIALIZADA A SAUDE,8535,ESTRUTURACAO DE UNIDADES DE ATENCAO ESPECIALIZADA EM SAUDE,0000,ESTRUTURACAO DE UNIDADES DE ATENCAO ESPECIALIZADA EM SAUDE - DESPESAS DIVERSAS,1499616.0,0.0,0.0,"1499616,00","0,00","1499616,00"
202623920005,2026,Emenda Individual - Transferências com Finalidade Definida,2392,FERNANDO COELHO FILHO,0005,PETROLINA - PE,2611101,PETROLINA,2600000,PERNAMBUCO,Nordeste,05,Defesa nacional,301,Atenção básica,0032,PROGRAMA DE GESTAO E MANUTENCAO DO PODER EXECUTIVO,2E74,ESTRUTURACAO E MODERNIZACAO DE UNIDADES DE SAUDE DAS FORCAS ARMADAS,0000,ESTRUTURACAO E MODERNIZACAO DE UNIDADES DE SAUDE DAS FORCAS ARMADAS,449404.35,66479.4,24184.0,"0,00","0,00","0,00"
