id,nome,descricao,situacao,especie,inicio_previsto,fim_previsto,lat,lon
30698.26-34,Construção do Porto Fluvial no município de Petrolina-PE.,Construção do Terminal Fluvial no município de Petrolina/PE.,Cadastrada,Construção,2023-12-28,2026-12-28,-9.40357,-40.49995
20754.26-48,Sistema de abastecimento simplificado de água no assentamento José de Almeida - Petrolina - PE,Implantação de um sistema de abastecimento simplificado de água no assentamento José de Almeida - Petrolina - PE.,Inacabada,Construção,2020-12-31,2022-12-30,-9.44406,-40.70481
20752.26-35,Recuperação da estrada vicinal de acesso aos Assentamento de Curimata e Esperança.,"Recuperação da estrada vicinal de acesso  aos Assentamento de Curimata, e Esperança   e aquisição de  kits de canos   p ligação de  rede de agua de agua da Adutora do Assentamento São Francisco para uso na produção na zona rural de Petrolina (PE).",Inacabada,Construção,2020-12-31,2023-06-28,-9.05198,-40.24818
19694.26-70,"Prestação de serviços de engenharia civil relativos à duplicação da Avenida Cardoso de Sá, conforme solicitação expressa da SECRETARIA DE INFRAESTRUTURA E MOBILIDADE.								 								",Duplicação da Avenida Cardoso de Sá no município de Petrolina-PE.,Concluída,Construção,2019-12-31,2022-12-31,-9.40348,-40.49582
4879.26-91,CPATSA - Implantação de Usina Fotovoltaica,"Implantação das usinas fotovoltaicas para minigeração distribuída no sistema on-grid, para as unidades da Embrapa, compreendendo o fornecimento, montagem, comissionamento, ativação de todos os equipamentos e materiais, a aprovação do projeto elétrico junto a concessionária local de energia elétrica, a efetivação do acesso junto à concessionária de energia, o treinamento e suporte técnico, adequações das instalações elétricas e serviço continuado de aferição de performance pelo período de 24 (vinte e quatro) meses",Cadastrada,Construção,2021-12-02,2024-07-31,-9.0727407913065,-40.3175037641665
4950.26-59,Acessibilidade do CPZR,"Contratação de empresa de engenharia responsável pela adequação de blocos administrativos, laboratório e salas de aula do campus Petrolina Zona Rural do IFSertãoPE com acessibilidade, incluindo mão de obra, equipamentos e materiais necessários.",Cadastrada,,2021-12-27,2022-06-30,,
19689.26-85,Prestação de Serviços de Engenharia relativos à Implantação de Obras de Pavimentação em vias do Município de Petrolina/PE.							 							,Elaboração e Execução de Projetos e obras de pavimentação em vias do município de Petrolina-PE.,Concluída,Construção,2019-12-31,2023-12-31,-9.37325,-40.54419
37562.26-10,GRAMADO SINTETICO PETROLINA,Implantação de campos de grama sintética em áreas esportivas do município de Petrolina-PE.,Cadastrada,Construção,2024-05-31,2028-05-31,-9.35925,-40.53984
6749.26-78,Implantação de Sistema de Esgotamento Sanitário em Petrolina/PE ,Execução direta por meio do próprio quadro técnico da empresa e/ou através de licitações específicas para as diversas fases do projeto e/ou Convênios ou instrumentos congêneres com entidades governamentais e não governamentais.,Cadastrada,Construção,2022-09-01,2023-09-30,-9.37621000168905,-40.52563
41016.26-53,ESCOLA NOVA DE CARUARU,"Construção de Escola em Tempo Integral no bairro Maurício de
Nassau, Caruaru/ Pernambuco – FNDE – Escola 13 Salas.",Cadastrada,Construção,2024-08-19,2028-08-19,,
103126.26-09,Usinas solares,"implantação de 4 sistemas de geração de energia fotovoltaica (SFV) para as unidades de Recife, Garanhuns, Salgueiro e Petrolina, visando a autossuficiência energética e a sustentabilidade operacional.",Cadastrada,Máquinas e Equipamentos,2025-12-31,2026-07-30,,
4825.26-71,Pregão 524/2020-04 - BR-407/PE - Adequação de capacidade da travessia urbana do município de Petrolina /PE,"Contratação de empresa de consultoria para a elaboração de projetos básico e executivo de engenharia para a execução da obra de duplicação, com obra de arte especial, para adequação de capacidade da travessia urbana do município de Petrolina /PE, na rodovia BR-407/PE, nos segmentos km 117,5 ao km 124,6 e km 126,3 ao km 128,5",Cadastrada,Ampliação,2020-12-30,2022-04-03,,
50630.26-00,Execução de Serviços para Melhoria na Segurança da Barragem de Deserto,"Execução de obras civis e de manutenção na barragem de Deserto, localizada no município de Petrolina, no estado de Pernambuco",Cadastrada,Construção,2024-12-01,2025-12-31,-9.38109000169129,-40.52694
41017.26-00,ESCOLA NOVA DE PETROLINA,"Construção de Escola em Tempo Integral, no bairro José e Maria, Petrolina/ Pernambuco – FNDE – Escola 13 Salas.",Em execução,Construção,2024-08-21,2028-08-21,-9.3892,-40.52134
50638.26-30,Execução de Serviços para Melhoria na Segurança da Barragem de Volta do Riacho,"Execução de obras civis e de manutenção na barragem de Volta do Riacho , localizada no município de Petrolina, no estado de Pernambuco",Cadastrada,Construção,2024-12-01,2025-12-31,-9.38109000169129,-40.52694
19851.26-09,CR 902096/2020 - REVITALIZAÇÃO E REFORMA DO CENTRO DE CONVENÇÕES SENADOR NILO COELHO NO MUNICÍPIO DE PETROLINA - PE.,Revitalização e reforma do Centro de Convenções Senador Nilo Coelho no município de Petrolina - PE.,Em execução,Reforma,2020-06-26,2027-06-26,-9.3932,-40.49461
12085.26-57,Implantação de solução de radioterapia C84 - Hospital Dom Tomás ,"Obra para implementação da solução de radioterapia na Hospital Dom Tomás, CNES 9262407​,  localizada em Petrolina/PE contemplada no âmbito do Plano de Expansão de Radioterapia do SUS, conforme especificações e anexos deste instrumento, 25000.053181/2022-11",Cadastrada,Construção,2022-10-25,2023-10-25,-9.38637600118767,-40.5098783800124
78918.26-63,EMENDA PARLAMENTAR - Petrolina - PE,EMENDA PARLAMENTAR - Petrolina - PE Escola 6 Salas,Concluída,Reforma,2015-06-25,2023-06-25,,
15049.26-60,Construção de Galpão de Almoxarifado e Patrimônio no campus Petrolina,"O Galpão de Almoxarifado e Patrimônio possui um setor específico para carga, deslocamento e descarga de materiais – galpão (área de 119,07 m²), almoxarifado (área de 22,85 m²), banheiro (área de 3,12 m²), depósito 01 (área de 19,44 m²), depósito 02 (área de 19,44 m²), depósito 03 (área de 19,44 m²) e depósito 04 (área de 32,40 m²), totalizando uma área construída de 207 m². Além disso, possui uma calçada na fachada frontal com área de 27,6 m².
A infraestrutura e superestrutura do bloco será totalmente em concreto armado. As vedações serão em alvenaria de blocos de concreto. O sistema de impermeabilização com argamassa polimérica/membrana acrílica. Os pisos de todos os ambientes serão em granilite e = 8 mm, com exceção do piso do banheiro que será em revestimento cerâmico com placa esmaltada 35 x 35 cm. A estrutura da cobertura e trama será em aço e o telhamento com telha ondulada de fibrocimento, e = 6mm, com intercalação de telhas onduladas de fibra de vidro, e = 6mm. Apenas as paredes do banheiro serão revestidas com revestimento cerâmico com placa esmaltada 33x45cm. As portas internas de abrir, em madeira semi-oca pintada, as portas externas de abrir, em ferro tipo grade com chapa e as janelas basculantes em aço com vidro. A pintura de paredes e tetos com tinta acrílica, a pintura de superfícies de madeira com tinta esmalte sintético acetinado e a pintura de superfícies metálicas com tinta esmalte sintético fosco sobre fundo em zarcão.",Cadastrada,Construção,2023-01-09,2023-06-09,,
86839.26-08,ESCOLA LOTEAMENTO NOVA PETROLINA - Petrolina - PE,ESCOLA LOTEAMENTO NOVA PETROLINA - Petrolina - PE Escola 12 Salas,Concluída,Reforma,2024-01-15,2025-08-01,,
112848.26-54,Acessibilidade nos Blocos Administrativos e Salas de Aula,"Implantação de recursos de acessibilidade no Campus Petrolina Zona Rural, envolvendo serviços preliminares, instalação de guarda-corpo e corrimão, execução de rampas, de passarelas elevadas, substituição de grelhas, demolição de calçadas danificadas, bem como as de piso irregular e trepidante, execução de novas calçadas em piso de concreto e instalação de piso podotátil direcional e de alerta.",Cadastrada,Reforma,2022-01-19,2022-07-04,,
86920.26-11,PROINFANCIA NOVA PEROLINA - Petrolina - PE,PROINFANCIA NOVA PEROLINA - Petrolina - PE Creche Pré-Escola - Tipo 1,Concluída,Reforma,2021-02-23,2023-09-02,,
86918.26-95,ESCOLA DO JARDIM GUARARAPES - Petrolina - PE,ESCOLA DO JARDIM GUARARAPES - Petrolina - PE Escola 6 Salas,Concluída,Reforma,2022-07-12,2024-07-24,,
29892.26-04,CPATSA - Adequação da subestação,Contratação de empresa especializada para adequação da subestação de energia elétrica da Embrapa Semiárido,Cadastrada,Recuperação,2023-12-18,2024-06-17,-9.07091315521204,-40.3185452480035
20412.26-61,"CR 909111/2020 - CONSTRUÇÃO DE PRAÇAS, NO MUNICÍPIO DE PETROLINA-PE.","Construção de praças, no município de Petrolina-PE.",Em execução,Construção,2020-12-31,2028-02-28,-9.39164,-40.50579
19948.26-94,	Implantação de novos pavimentos em trechos de vias do municipio de Petrolina-PE.,Implantação de novos pavimentos em trechos de vias do municipio de Petrolina-PE.,Em execução,Construção,2020-12-30,2025-12-31,-9.35957,-40.48862
35218.26-49,04 00276/2023,"contratação de empresa para prestação dos serviços de supervisão da duplicação para adequação de capacidade da travessia urbana de petrolina/pe, na br-407/pe, nos segmentos km 115,5 ao km 124,6 e km 126,3 ao km 128,5.",Em execução,Construção,2023-05-19,2027-08-05,,
31281.26-89,Reforma ARF Petrolina,Reforma da Agência da Receita Federal do Brasil em Petrolina,Cadastrada,Reforma,2024-01-01,2026-12-30,-9.39558847499582,-40.4956737885606
50294.26-06,Bacia Riacho das Porteiras,Elaboração de projeto básico de revitalização da bacia hidrográfica do Riacho das Porteiras na macrozona urbana no município de Petrolina/PE.,Cadastrada,Recuperação,2024-12-23,2028-09-23,-9.35045,-40.52506
27610.26-79,CPATSA - Adequação da subestação,Contratação de empresa especializada para adequação da subestação de energia elétrica da Embrapa Semiárido,Cancelada,Recuperação,2023-12-04,2024-06-03,-9.06986582551841,-40.3183985903179
27643.26-20,CPATSA - Contratação do projeto PCCI ,Contratação de empresa especializada em engenharia/arquitetura para a elaboração de projetos básico e executivo de prevenção e combate a incêndio e projetos complementares para contratação futura das adequações necessárias à aprovação junto ao CBMPE para o Edifício Sede e Campo Experimental de Bebedouro da Embrapa Semiárido - CPATSA,Cancelada,Recuperação,2023-12-04,2024-11-29,-9.07086571343807,-40.3185978000206
27610.26-79,CPATSA - Adequação da subestação,Contratação de empresa especializada para adequação da subestação de energia elétrica da Embrapa Semiárido,Cancelada,Recuperação,2023-12-04,2024-06-03,-9.06986582551841,-40.3183985903179
20484.26-15,"IMPLANTAÇÃO E REQUALIFICAÇÃO DE ABRIGOS, TOTENS E BANCOS EM PONTOS DE EMBARQUE E DESEMBARQUE  DO SISTEMA DE TRANSPORTE PÚBLICO NO MUNICÍPIO DE PETROLINA - PE ","Implantação e requalificação de abrigos, totens e bancos em pontos de embarque e desembarque do sistema de transporte público no município de Petrolina-PE.",Concluída,Construção,2020-06-12,2023-06-12,-9.36605,-40.53802
19852.26-55,"""EXECUÇÃO DAS OBRAS E SERVIÇOS DE ENGENHARIA PARA IMPLANTAÇÃO DO COMPLEXO ESPORTIVO NO BAIRRO TERRAS DO SUL, NO MUNICÍPIO DE PETROLINA/PE""								 								",Implantação de Complexo Esportivo no bairro Terras do Sul no município de Petrolina - PE.,Concluída,Construção,2019-12-06,2023-12-01,-9.35744,-40.50467
46653.26-98,CPATSA-refroma do lab. Cromatografia.,"Contratação de empresa especializada em engenharia/arquitetura para a execução para de reforma no laboratório de Cromatografia da Embrapa Semiárido, localizado em Petrolina-PE, contemplando a adequação de instalações elétricas e hidráulicas, substituição de portas, manutenção de forro de gesso, instalação de bancadas e ajustes no projeto para atender às necessidades operacionais e técnicas do laboratório",Cadastrada,Reforma,2025-02-03,2025-05-05,-9.07170538020257,-40.3186074909589
41334.26-90,Pavimentação Grotas e Dom Thomás ,Recapeamento da Rua Nossa Senhora das Grotas e Rua Dom Tomaz no município de Petrolina-PE.,Concluída,Construção,2024-07-30,2027-07-30,-9.40053,-40.5509
20474.26-58,"CR 909540/2020 - REVITALIZAÇÃO E REFORMA DAS PRAÇAS: CENTENÁRIO, 21 DE SETEMBRO, COLISEU, PIO XII/DO GALO, ALVES DE SOUZA, CABROBÓ, DOM MALAN, NO MUNICÍPIO DE PETROLINA - PE.","Revitalização e Reforma das Praças: Centenário, 21 de Setembro, Coliseu, Pio XII/do Galo, Alves de Souza, Cabrobó, Dom Malan, no município de Petrolina - PE.",Concluída,Reforma,2020-12-31,2025-12-31,-9.40202,-40.5033
103006.26-29,Construção de Salas de Professores e Reforma dos Banheiros do Campus Petrolina Zona Rural,"Construção de 28 salas de professores em um único pavimento, banheiros e sala de reunião integrada por corredores de circulação e a reforma completa dos banheiros no prédio existente, com área total construída de 1.212,27 m².
O conjunto da edificação é formado por três partes distintas: parte 02, 03 e 04. As partes 02 e 03 são semelhantes e possuem as salas dos professores, a parte 04 são os banheiros e a sala de reunião. Já a reforma será realizada nos banheiros dos alunos (feminino e masculino), de acessibilidade (feminino e masculino), dos funcionários (feminino e masculino), assistência estudantil (feminino e masculino), de direção de ensino, da coordenação, do centro de qualificação (feminino e masculino) e da biblioteca (feminino e masculino). Os banheiros das salas dos professores serão parcialmente reformados, incluindo nesta reforma a retirada e a colocação de novas bancadas, espelhos, torneiras, cubas e sifões.",Cadastrada,Ampliação,2017-12-14,2018-11-09,,
37666.26-03,Reforma do Parque da Uva e do Vinho no município de Lagoa Grande - PE,Reforma do Parque da Uva e do Vinho no município de Lagoa Grande - PE.,Em execução,Reforma,2024-07-31,2027-07-31,-8.99596,-40.27657
109192.26-30,Acessibilidade e Comunicação Visual do Campus Petrolina,"Confecção e instalação de letreiros e placa de comunicação visual, implantação e construção de sistema de mobilidade e acessibilidade no Campus Petrolina do If Sertão-PE. Foram executadas rampas de concreto com guarda corpo e corrimãos de acordo com a NBR 9050:2015. As placas serão em ACM adesivada ou com letras em alto relevo. ",Cadastrada,Construção,2018-01-22,2018-04-12,,
103338.26-70,Contratação de empresa especializada em engenharia/arquitetura para a execução para Reforma e Ampliação do Restaurante do C.E. Bebedouro como Espaço de Capacitação,"Contratação de empresa especializada em engenharia/arquitetura para a execução para Reforma e Ampliação do Restaurante do CE Bebedouro como Espaço de Capacitação, no CE Bebedouro, Embrapa Semiárido, Petrolina/PE.",Cadastrada,Reforma,2026-01-12,2026-09-12,-9.07155000155314,-40.31866
40351.26-76,"Contratação de projetos de estrutura de ordenha e mini auditório no Campo Exp. N. Sra> da Glória, CPATSA-SE.","Contratação de empresa especializada em engenharia e arquitetura para a elaboração de projetos básico e executivo de uma Estrutura de Ordenha e um Mini Auditório no Campo Experimental de Nossa Senhora da Glória, Embrapa Semiárido/CPATSA, zona rural – SE.",Cadastrada,Construção,2024-08-01,2024-10-31,-9.0711493264382,-40.318115091121
4233.26-20,"FORNECIMENTO DE DOIS RADARES SECUNDÁRIOS DE VIGILÂNCIA DE ROTA, PARA AS LOCALIDADES DE BOM JESUS DA LAPA (BA) E PETROLINA (PE).","FORNECIMENTO DE DOIS RADARES SECUNDÁRIOS DE VIGILÂNCIA DE ROTA, PARA AS LOCALIDADES DE BOM JESUS DA LAPA (BA) E PETROLINA (PE).",Concluída,Construção,2021-02-01,2024-07-10,-9.36343000444293,-40.56837
42604.26-01,CONSTRUÇÃO DE UMA 01 CRECHE NO MUNICÍPIO DE JATOBÁ-PE - PADRÃO FNDE - CRECHE TIPO 2.,Construção de uma (01) Creche no Município de Jatobá-PE - Padrão FNDE - Creche Tipo 2.,Cadastrada,Construção,2024-09-03,2028-09-03,,
21375.26-15,Reestruturação da Rede de Energia Elétrica do Campus Petrolina Zona Rural,"Ampliação Geral da Rede Elétrica, composta por: 16 estruturas N1, 12 estruturas N2, 10 estruturas N3, 04 estruturas N3-3, 08 estruturas N4, 02 estruturas ES, 06 estruturas N3-TT (03 para instalação de transformador trifásico, 02 para instalação de transformador de 225 KVA e 01 para instalação de transformador de 300 KVA), 11 estruturas TT para instalação de transformadores (07 para instalação de transformador trifásico, 02 para transformadores de 112,5 KVA, 01 para transformador de 150 KVA e 01 para transformador de 300 KVA) e 22 postes de concreto duplo, referente às instalações elétricas de alta tensão; cubículo de medição, feito em alvenaria de blocos de concreto, com piso cimentado, porta em alumínio e cobogós de concreto, iluminação interna e extintor de incêndio; e 44 postes de aço cônico reto flangeado de 9m de altura, 176 luminárias públicas de LED e 06 caixas metálicas para quadro de distribuição, referentes às instalações elétricas de baixa tensão; execução de 43,55 m² de reassentamento de paralelepípedo e 9,5 m² de piso granilite, devido à necessidade de alteração desses itens em campo para possibilitar lançamento de cabos e eletrodutos.",Cadastrada,Ampliação,2023-09-04,2024-01-08,,
1760.26-99,04 00921/2020,"execução da obra de duplicação para adequação de capacidade da travessia urbana de petrolina/pe, na br-428/pe, do km 180,89 ao km 188,00, a cargo do dnit, sob a coordenação da superintendência regional dnit/pe",Concluída,Construção,2021-01-04,2023-08-21,,
21375.26-15,Reestruturação da Rede de Energia Elétrica do Campus Petrolina Zona Rural,"Ampliação Geral da Rede Elétrica, composta por: 16 estruturas N1, 12 estruturas N2, 10 estruturas N3, 04 estruturas N3-3, 08 estruturas N4, 02 estruturas ES, 06 estruturas N3-TT (03 para instalação de transformador trifásico, 02 para instalação de transformador de 225 KVA e 01 para instalação de transformador de 300 KVA), 11 estruturas TT para instalação de transformadores (07 para instalação de transformador trifásico, 02 para transformadores de 112,5 KVA, 01 para transformador de 150 KVA e 01 para transformador de 300 KVA) e 22 postes de concreto duplo, referente às instalações elétricas de alta tensão; cubículo de medição, feito em alvenaria de blocos de concreto, com piso cimentado, porta em alumínio e cobogós de concreto, iluminação interna e extintor de incêndio; e 44 postes de aço cônico reto flangeado de 9m de altura, 176 luminárias públicas de LED e 06 caixas metálicas para quadro de distribuição, referentes às instalações elétricas de baixa tensão; execução de 43,55 m² de reassentamento de paralelepípedo e 9,5 m² de piso granilite, devido à necessidade de alteração desses itens em campo para possibilitar lançamento de cabos e eletrodutos.",Cadastrada,Ampliação,2023-09-04,2024-01-08,,
22136.26-55,Conclusão do sistema de abastecimento de água de Mansueto de Lavor e Nova Descoberta,Conclusão dos Sistemas de Abastecimento de Água no povoado de Nova Descoberta e Assentamento Mansueto de Lavor no município de Petrolina-PE.,Em execução,Recuperação,2020-12-31,2026-12-29,-9.03866,-40.29278
22738.26-07,"Elaboração de Plano de Macrodrenagem, Desenvolvimento de Projetos no município de Petrolina  PE","“Elaboração de Plano de Macrodrenagem, Desenvolvimento de Projetos no município de Petrolina – PE”. 
O Plano de Macrodrenagem, assim como, os projetos de manejo de águas pluviais, que serão elaborados a partir de suas diretrizes, atendem as modalidades da ação 1P95, tais como estudo de concepção e projetos básicos e executivos de drenagem. Estes serão apresentados em consonância com os produtos apresentados no Manual da 1P95, quais sejam: - Estudos de concepção; - Projeto Básico; - Relatórios dos serviços topográficos, geotécnicos e hidrológicos; e, por fim, Projeto Executivo, para subsidiar as soluções de micro e macrodrenagem.",Cadastrada,Recuperação,2020-07-01,2026-09-23,-9.39416,-40.50972
67446.26-02,656970 - EE Infantil - Bairro João de Deus - PETROLINA/PE,656970 - EE Infantil - Bairro João de Deus - PETROLINA/PE Escola de Educação Infantil Tipo B,Concluída,Reforma,2010-09-10,2011-05-08,,
41013.26-94,ESCOLA NOVA DE BOM CONSELHO,"Construção de Escola em Tempo Integral, no bairro Centro, Bom Conselho/ Pernambuco – FNDE – Escola 13 Salas.",Em execução,Construção,2024-08-19,2028-08-19,,
19848.26-16,Implantação de pavimentação e recapeamento de trechos de vias no Município de Petrolina - PE.,Implantação de pavimentação e recapeamento de trechos de vias no Município de Petrolina - PE.,Concluída,Construção,2019-12-06,2023-04-05,-9.3912,-40.48314
19696.26-83,Prestação de serviços de engenharia civil relativos à IMPLANTAÇÃO DO PAVIMENTO DE VIAS PÚBLICAS NO MUNICÍPIO DE PETROLINA/PE.								 								,"IMPLANTAÇÃO DO PAVIMENTO DE VIAS PÚBLICAS NO MUNICÍPIO DE PETROLINA, PE",Concluída,Construção,2021-08-12,2024-08-12,-9.36331,-40.48432
19843.26-44,Prestação de serviços de engenharia civil relativos à IMPLANTAÇÃO DO PAVIMENTO DE VIAS PÚBLICAS NO MUNICÍPIO DE PETROLINA/PE.								 								,IMPLANTAÇÃO DO PAVIMENTO DE VIA URBANA NO MUNICÍPIO DE PETROLINA,Concluída,Construção,2021-08-12,2024-08-12,-9.3592,-40.47511
25857.26-90,PAVIMENTAÇÃO ASFALTICA DA RUA PETROLINA,Pavimentação Asfáltica em Avenidas/Ruas no perímetro urbano do Município de Jatobá/PE.,Concluída,Construção,2021-12-31,2025-04-02,,
86791.26-72,PROINFANCIA DO BAIRRO FERNANDO IDALINO - Petrolina - PE,PROINFANCIA DO BAIRRO FERNANDO IDALINO - Petrolina - PE Creche Pré-Escola - Tipo 1,Concluída,Reforma,2022-04-07,2025-11-12,,
86793.26-85,PROINFANCIA DO BAIRRO TERRAS DO SUL - Petrolina - PE,PROINFANCIA DO BAIRRO TERRAS DO SUL - Petrolina - PE Creche Pré-Escola - Tipo 2,Cancelada,Reforma,2021-03-16,2022-10-25,,
86792.26-29,PROINFANCIA BAIRRO JARDIM IMPERIAL - Petrolina - PE,PROINFANCIA BAIRRO JARDIM IMPERIAL - Petrolina - PE Creche Pré-Escola - Tipo 1,Concluída,Reforma,2022-04-07,2026-05-19,,
65829.26-71,700086 - EE Gersino Coelho - Ampl/Ref - Petrolina/PE,700086 - EE Gersino Coelho - Ampl/Ref - Petrolina/PE Ampliação,Concluída,Reforma,2009-10-05,2011-03-29,,
82435.26-63,Jardim Petrópolis - nova petrolina,Jardim Petrópolis - nova petrolina Creche Pré-Escola - Tipo 2,Cadastrada,Reforma,2018-04-04,2019-04-04,,
82435.26-63,Jardim Petrópolis - nova petrolina,Jardim Petrópolis - nova petrolina Creche Pré-Escola - Tipo 2,Cadastrada,Reforma,2018-04-04,2019-04-04,,
90141.26-12,Almoxarifado de Reagentes da Univasf,"Execução de obra do almoxarifado de reagentes da Univasf, na cidade de Petrolina-PE.",Cadastrada,Construção,2025-09-30,2025-12-30,-9.38995000169534,-40.50098
86506.26-22,Reforma da Quadra Poliesportiva do Campus da Universidade de Pernambuco em Petrolina - PE.,Reforma da Quadra Poliesportiva do Campus da Universidade de Pernambuco em Petrolina - PE. Reforma,Concluída,Reforma,2022-01-26,2024-07-16,,
80665.26-33,LOTEAMENTO NOVA PETROLINA,LOTEAMENTO NOVA PETROLINA Creche Pré-Escola - Tipo 1,Cadastrada,Reforma,2018-04-04,2019-04-04,,
81138.26-29,PAC 2 - Cobertura de Quadra Escolar 002/2013 - Petrolina - PE,PAC 2 - Cobertura de Quadra Escolar 002/2013 - Petrolina - PE Cobertura de Quadra Escolar Pequena,Concluída,Reforma,2015-06-17,2018-08-31,,
98482.26-05,EXECUÇÃO DE OBRAS DE CONSTRUÇÃO DE ESPAÇO ESPORTIVO COMUNITÁRIO.,"Construção de Complexo Esportivo, no Município de Petrolina/PE.",Cadastrada,Construção,2025-11-28,2028-09-30,-9.39083,-40.46416
107746.26-88,"Manutenção da barragem Água Branca, localizada em Petrolina/PE","Execução de manutenção e obras civis na barragem Água Branca, localizada no município de Petrolina no estado de Pernambuco.",Cadastrada,Recuperação,2025-12-01,2026-11-30,-8.82574000144893,-40.532
107748.26-79,"Manutenção da barragem Cacimba Velha, localizada em Petrolina/PE","Execução de manutenção e obras civis na barragem Cacimba Velha, localizada no município de Petrolina no estado de Pernambuco.",Cadastrada,Reforma,2025-12-01,2026-11-30,-8.8976100014789,-40.45153
107750.26-61,"Manutenção da barragem Almas, localizada em Petrolina/PE","Execução de manutenção e obras civis na barragem Almas, localizada no município de Petrolina no estado de Pernambuco.",Cadastrada,Recuperação,2025-12-01,2026-11-30,-8.92581000149078,-40.59433
105523.26-68,EXECUÇÃO DE OBRAS E SERVIÇOS DE ENGENHARIA EM ESTRADAS VICINAIS DO MUNICÍPIO DE PETROLINA/PE.,EXECUÇÃO DE OBRAS E SERVIÇOS DE ENGENHARIA EM ESTRADAS VICINAIS DO MUNICÍPIO DE PETROLINA/PE.,Cadastrada,Construção,2025-12-22,2028-08-22,-8.93503,-40.25001
99973.26-34,IMPLANTACAO DO SES SERVICOS DE AGUA E ESGOTO,PAC 1 | cod_tci 2-0223729 | IMPLANTACAO DO SES SERVICOS DE AGUA E ESGOTO,Concluída,Construção,2008-05-09,2010-12-30,-9.397375,-40.49999
99972.26-88,Implantacao de rede coletora de esgotos,PAC 1 | cod_tci 2-0223728 | Implantacao de rede coletora de esgotos,Concluída,Construção,2010-07-16,2016-02-29,-9.397375,-40.49999
91480.26-19,26.782.3106.7X42.1689,ADEQUACAO DA TRAVESSIA URBANA DE PETROLINA NAS BR?S-407/428/PE,Concluída,Construção,2021-01-03,2027-08-06,,
86919.26-41,ESCOLA RESIDENCIAL NOVA VIDA - Petrolina - PE,ESCOLA RESIDENCIAL NOVA VIDA - Petrolina - PE Escola 12 Salas,Concluída,Reforma,2023-01-18,2025-07-01,,
66027.26-62,806085 - Espaço Educativo Urbano II - Petrolina/PE,806085 - Espaço Educativo Urbano II - Petrolina/PE Escola 6 Salas,Concluída,Reforma,2008-08-04,2009-02-04,,
39324.26-95,CEUS DA CULTURA - NOVO PAC ,"Implantação do CEU da Cultura, no município de Petrolina/PE (Novo PAC).",Em execução,Construção,2024-06-28,2028-06-28,-9.36382,-40.54077
105091.26-35,"Manutenção da barragem Poço da Onça, localizada em Petrolina/PE","Execução de manutenção e obras civis na barragem Poço da Onça, localizada no município de Petrolina no estado de Pernambuco.",Cadastrada,Recuperação,2025-12-01,2026-11-30,-8.70599000139992,-40.73755
105091.26-35,"Manutenção da barragem Poço da Onça, localizada em Petrolina/PE","Execução de manutenção e obras civis na barragem Poço da Onça, localizada no município de Petrolina no estado de Pernambuco.",Cadastrada,Recuperação,2025-12-01,2026-11-30,-8.70599000139992,-40.73755
20478.26-73,CR 903979/2020 - REVITALIZAÇÃO E REFORMA DA PRAÇA DA ESPERANÇA -   PRAÇA DAS NAÇÕES -  PRAÇA N. S. DA CONCEIÇÃO -   PRAÇA VALDECI BARROS -  PRAÇA GIVALDO MOREIRA COELHO E CONSTRUÇÃO DE PRAÇAS NO MUNIC,Revitalização e reforma da Praça da Esperança;  Praça das Nações; Praça N. S. da Conceição;  Praça Valdeci Barros; Praça Givaldo Moreira Coelho e Construção de praças no município de Petrolina - PE.,Em execução,Reforma,2020-10-09,2026-10-31,-9.38763,-40.48602
11149.26-02,GRADIL PARA CERCAMENTO DOS LOTES 34E 38 DA UNIVASF EM PETROLINA,Execução do gradil para cercamento dos lotes 34 e 38 da Univasf em Petrolina,Cadastrada,Construção,2022-12-01,2023-03-03,,
35963.26-00,CENTRO ESPORTIVO COMUNITARIO LOTEAMENTO ASSENCO,"Construção do Espaço Esportivo Comunitário, no município de Petrolina/PE (Novo PAC)",Em execução,Construção,2024-06-13,2028-06-13,-9.37484,-40.54512
25499.26-60,PAVIMENTAÇÃO EM PARALELEPÍPEDO GRANÍTICO NO MUNICÍPIO DE LAGOA GRANDE  PE.,PAVIMENTAÇÃO EM PARALELEPÍPEDO GRANÍTICO NO MUNICÍPIO DE LAGOA GRANDE – PE.,Paralisada,Construção,2022-07-29,2027-05-29,-9.0781,-40.1205
106372.26-38,"Manutenção da barragem Açude da Roça, localizada em Dormentes/PE","Execução de manutenção e obras civis na barragem Açude da Roça, localizada no município de Dormentes no estado de Pernambuco.",Cadastrada,Recuperação,2025-12-03,2026-04-02,,
99983.26-01,RECUPERAÃ‡ãO DA REDE COLETORA DE DIVERSOS BAIRROS DA CIDADE  DE PETROLINA,PAC 1 | cod_tci 2-0218068 | RECUPERAÃ‡ãO DA REDE COLETORA DE DIVERSOS BAIRROS DA CIDADE  DE PETROLINA,Concluída,Construção,2011-12-20,2015-12-31,-9.397375,-40.49999
106381.26-49,"Manutenção da barragem Baixa Alegre, localizada em Petrolina/PE","Execução de manutenção e obras civis na barragem Baixa Alegre, localizada no município de Petrolina no estado de Pernambuco.",Cadastrada,Recuperação,2025-12-01,2026-11-30,-8.74480000141568,-40.72397
99983.26-01,RECUPERAÃ‡ãO DA REDE COLETORA DE DIVERSOS BAIRROS DA CIDADE  DE PETROLINA,PAC 1 | cod_tci 2-0218068 | RECUPERAÃ‡ãO DA REDE COLETORA DE DIVERSOS BAIRROS DA CIDADE  DE PETROLINA,Concluída,Construção,2011-12-20,2015-12-31,-9.397375,-40.49999
99969.26-05,ELABORACAO DE PROJETO BASICO DO SISTEMA DE ESGOTAMENTO SANITARIO EM PETROLINAPE,PAC 1 | cod_tci 2-0238895 | ELABORACAO DE PROJETO BASICO DO SISTEMA DE ESGOTAMENTO SANITARIO EM PETROLINAPE,Concluída,Construção,2010-05-03,2017-12-29,-9.397375,-40.49999
105520.26-21,Construção de Complexo Esportivo no Município de Petrolina/PE.,Construção de Complexo Esportivo no Município de Petrolina/PE.,Cadastrada,Construção,2025-12-30,2029-12-26,-9.39228,-40.55258
106480.26-60,"Manutenção da barragem Pereiro, localizada em Petrolina/PE","Execução de manutenção e obras civis na barragem Pereiro, localizada no município de Petrolina no estado de Pernambuco.",Cadastrada,Recuperação,2025-12-03,2026-04-02,-8.87944000147129,-40.70972
97935.26-20,Construção de Centro de Atendimento ao Turista (CAT) e revitalização e reforma Praça Porta do Rio no município de Petrolina/PE.,"Construção de Centro de Atendimento ao Turista (CAT) e revitalização e reforma de Praça na 'Porta do Rio', no município de Petrolina/PE.",Cadastrada,Construção,2025-12-30,2028-09-30,-9.38133,-40.49363
37032.26-67,Construção de Centro de Comercialização de Produtos Associados ao Turismo no município de Petrolina/PE.,"Construção de Centro de comercialização de produtos associados ao turismo, no município de Petrolina/PE.",Em execução,Construção,2024-06-28,2028-06-28,-9.39251,-40.55133
35219.26-05,04 00520/2022,"elaboração de projeto executivo e execução das obras de duplicação, com obra de arte especial, para adequação de capacidade da travessia urbana do município de petrolina/pe, na rodovia br-407/pe, segmentos do km 115,5 ao km 124,6 e do km 126,3 ao km 128,5",Em execução,Construção,2022-10-13,2027-06-18,,
24998.26-95,Via de Acesso ao Perímetro Irrigado N04 (Rua A),Recapeamento de via no município de Petrolina-PE.,Concluída,Recuperação,2023-08-31,2026-08-31,-9.34283,-40.68325
35219.26-05,04 00520/2022,"elaboração de projeto executivo e execução das obras de duplicação, com obra de arte especial, para adequação de capacidade da travessia urbana do município de petrolina/pe, na rodovia br-407/pe, segmentos do km 115,5 ao km 124,6 e do km 126,3 ao km 128,5",Em execução,Construção,2022-10-13,2027-06-18,,
126679.26-06,Aquisição de ônibus para transporte de alunos e professores dos cursos oferecidos pela UPE nos seus campi do interior do Estado de Pernambuco.Ampliação e requalificação da biblioteca do campus da Univ,"Aquisição de ônibus para transporte de alunos e professores dos cursos oferecidos pela UPE nos seus campi do interior do Estado de Pernambuco.Ampliação e requalificação da biblioteca do campus da Universidade de Pernambuco em Petrolina.Requalificação do auditório central da Faculdade de Ciências da Administração da Universidade de Pernambuco- UPEConstrução do espaço de convivência da FCAP, pertencente a Universidade de Pernambuco-UPE.Ampliação do Edifício Garagem do PROCAPE, pertencente a Universidade de Pernambuco-UPE.",Em execução,Construção,2017-12-29,2019-12-18,,
26414.26-69,PAVIMENTAÇÃO RUA DO ARAÇÁ E RUA DO PÊSSEGO,Implantação de pavimentação em vias no perímetro urbano do município de Petrolina-PE.,Concluída,Construção,2023-11-29,2026-11-29,-9.39158,-40.54711
48030.26-23,Construção da Biblioteca do Campus Petrolina Zona Rural,"Promover o acesso ao conhecimento, à educação e à inclusão social por meio de um espaço que fomenta a pesquisa, o aprendizado e a democratização.",Em execução,Construção,2025-05-25,2026-04-27,,
75398.26-95,700654/11 - Espaço Educativo Urbano - EE São Gonçalo - Petrolina/PE,700654/11 - Espaço Educativo Urbano - EE São Gonçalo - Petrolina/PE Escola 12 Salas,Concluída,Reforma,2016-09-19,2018-11-07,,
3975.26-21,04 00340/2021,"contratação de empresa especializada para prestação dos serviços de supervisão das obras de duplicação para adequação de capacidade da travessia urbana de petrolina/pe, na br-428/pe, do km 180,89 ao km 188,00",Em execução,Construção,2021-10-15,2023-02-07,,
96176.26-70,"Construção de muro no terreno do IFSertãoPE, localizado na Avenida Manoel do Arroz, Vila Mocó, Petrolina-PE","Construção de um muro de alvenaria de blocos cerâmicos para fechamento perimetral de 36,50 metros lineares de um terreno pertencente ao IFSertãoPE, incluindo fornecimento de mão de obra, equipamentos e materiais necessários, conforme condições e especificações definidas. A execução completa do muro abrangerá as seguintes etapas: serviços preliminares, movimentação de terra, infraestrutura de alvenaria de pedra e concreto armado, superestrutura de concreto armado, alvenaria de vedação de blocos cerâmicos, esquadria metálica, revestimentos argamassados e pintura.",Em execução,Construção,2026-01-08,2026-02-12,,
75398.26-95,700654/11 - Espaço Educativo Urbano - EE São Gonçalo - Petrolina/PE,700654/11 - Espaço Educativo Urbano - EE São Gonçalo - Petrolina/PE Escola 12 Salas,Concluída,Reforma,2016-09-19,2018-11-07,,
88231.26-96,04 00030/2001,alargamento / restauração da ponte presidente dutra. subtrecho: entr.br-235(a)-entr.br-122/235(b)/428. segmento: petrolina/juazeiro-div.pe/ba,Concluída,Construção,2002-01-09,2007-01-09,,
6576.26-32,Delegacia e Unidade Operacional de Petrolina,"Com base no Estudo Técnico Preliminar nº 42/2022 (SEI 40232105), a obra a ser contratada consiste na construção de novas Unidades Operacionais (UOPs) e Sedes de Delegacias da Polícia Rodoviária Federal (PRF), utilizando um modelo de edificação modular padronizado. A contratação será feita sob o Regime Diferenciado de Contratações (RDC) e pelo Sistema de Registro de Preços (SRP), com o objetivo de atender demandas de infraestrutura em diversas unidades da PRF em todo o país.

A solução proposta abrange a implantação de um conjunto de módulos pré-definidos que compõem a estrutura da UOP, como: edificação principal, garagens, cobertura de fiscalização, áreas de apoio, canil, banheiros, sistema de energia fotovoltaica, sistemas de reuso de água, pavimentação, drenagem, entre outros. O projeto prevê execução por etapas, conforme a necessidade local e disponibilidade orçamentária, otimizando o uso dos recursos públicos.

A obra visa modernizar, padronizar e adequar os espaços físicos da PRF às normas atuais de acessibilidade, sustentabilidade e eficiência operacional, substituindo estruturas antigas e inadequadas por instalações seguras, sustentáveis e funcionais.",Concluída,Construção,2024-01-16,2025-05-12,-9.29306000165118,-40.44619
3975.26-21,04 00340/2021,"contratação de empresa especializada para prestação dos serviços de supervisão das obras de duplicação para adequação de capacidade da travessia urbana de petrolina/pe, na br-428/pe, do km 180,89 ao km 188,00",Em execução,Construção,2021-10-15,2023-02-07,,
75399.26-41,700654/11 - Espaço Educativo Urbano - EE João de Deus - Petrolina/PE,700654/11 - Espaço Educativo Urbano - EE João de Deus - Petrolina/PE Escola 12 Salas,Concluída,Reforma,2016-09-12,2018-10-31,,
