id,nome,bairro_tse,bairro_ibge,distrito,regiao
144-1350,ESCOLA ESTADUAL ANTÔNIO NUNES DOS SANTOS,PROJETO BEBEDOURO NS-01,,Petrolina,Bebedouro / Massangano
83-1520,ESCOLA MOISES BARRETO DOS SANTOS,AGROVILA MASSANGANO,,Petrolina,Bebedouro / Massangano
144-1457,ESCOLA MUNICIPAL NOSSA SENHORA DAS GRACAS,PROJETO BEBEDOURO NS-02,,Petrolina,Bebedouro / Massangano
83-1694,ESCOLA MUNICIPAL SANTO ANTÔNIO,ILHA DO MASSANGANO,,Petrolina,Bebedouro / Massangano
144-1317,CENTRO DE ENSINO SUPLETIVO JOÃO BARRACÃO,VILA MOCÓ,Vila Mocó,Petrolina,Centro
144-1406,COLÉGIO DOM BOSCO,CENTRO,Centro,Petrolina,Centro
144-1325,COLÉGIO DOM BOSCO EXTENSÃO,CENTRO,Centro,Petrolina,Centro
144-1295,COLÉGIO NOSSA SENHORA AUXILIADORA,CENTRO,Centro,Petrolina,Centro
144-1333,ESCOLA DOM MALAM,CENTRO,Centro,Petrolina,Centro
144-1155,ESCOLA EDUARDO COELHO,SAO JOSE,São José,Petrolina,Centro
144-1430,ESCOLA PROFESSORA ELIETE ARAÚJO,VILA MOCÓ,Vila Mocó,Petrolina,Centro
83-1740,FACULDADE UNIFTC PETROLINA,ATRÁS DA BANCA,Atrás da Banca,Petrolina,Centro
144-1422,GRUPO ESCOLAR GERCINO COELHO,VILA MOCÓ,Vila Mocó,Petrolina,Centro
83-1570,ESCOLA MUNICIPAL JOAQUIM FRANCISCO DA COSTA,PONTA DA SERRA,,Curral Queimado,Curral Queimado (rural)
83-1732,ESCOLA MUNICIPAL TERRA DA LIBERDADE,ASSENTAMENTO TERRA DA LIBERDADE,,Curral Queimado,Curral Queimado (rural)
83-1902,CMEI - OSÓRIO LEÔNIDAS DE SIQUEIRA,PROJETO NILO COELHO N-05,,Curral Queimado,Projetos irrigados (Nilo Coelho / Maria Tereza)
145-2089,ESCOLA BRUNA NEGREIRO LEITE,PROJETO NILO COELHO N-07,,Petrolina,Projetos irrigados (Nilo Coelho / Maria Tereza)
145-1520,ESCOLA ESTADUAL DO PROJETO NILO COELHO N-07,PROJETO NILO COELHO N-07,,Petrolina,Projetos irrigados (Nilo Coelho / Maria Tereza)
145-1309,ESCOLA ESTADUAL DO PROJETO SENADOR  NILO COELHO N-06,PROJETO NILO COELHO N-06,,Petrolina,Projetos irrigados (Nilo Coelho / Maria Tereza)
83-1686,ESCOLA ESTADUAL DR. DIEGO RÊGO BARROS,PROJETO NILO COELHO,,Curral Queimado,Projetos irrigados (Nilo Coelho / Maria Tereza)
83-1635,ESCOLA ESTADUAL FRANCISCO XAVIER DOS SANTOS,PROJETO NILO COELHO N-01,,Curral Queimado,Projetos irrigados (Nilo Coelho / Maria Tereza)
83-1546,ESCOLA ESTADUAL MANOEL MARINHO,PROJETO NILO COELHO N-03,,Curral Queimado,Projetos irrigados (Nilo Coelho / Maria Tereza)
83-1554,ESCOLA ESTADUAL NOSSA SENHORA APARECIDA,PROJETO NILO COELHO N-04,,Curral Queimado,Projetos irrigados (Nilo Coelho / Maria Tereza)
83-1562,ESCOLA ESTADUAL PROFESSORA WILMA WZELY,PROJETO NILO COELHO N-05,,Curral Queimado,Projetos irrigados (Nilo Coelho / Maria Tereza)
144-1503,ESCOLA ESTADUAL PROJETO NILO COELHO N-011,PROJETO NILO COELHO N-11,,Petrolina,Projetos irrigados (Nilo Coelho / Maria Tereza)
83-1538,ESCOLA ESTADUAL SÃO JOSÉ,PROJETO NILO COELHO N-02,,Curral Queimado,Projetos irrigados (Nilo Coelho / Maria Tereza)
145-1538,ESCOLA ESTADUAL ÉRIKA THAYNARA DA SILVA LEITE,PROJETO NILO COELHO N-08,,Petrolina,Projetos irrigados (Nilo Coelho / Maria Tereza)
145-2100,ESCOLA MUNICIPAL ESMELINDA ROBERTA DE ARAÚJO,PROJETO MARIA TEREZA - KM25,,Petrolina,Projetos irrigados (Nilo Coelho / Maria Tereza)
145-1325,ESCOLA MUNICIPAL JOSÉ ESMERINDO RIBEIRO,PROJETO MARIA TEREZA - KM25,,Curral Queimado,Projetos irrigados (Nilo Coelho / Maria Tereza)
145-2151,ESCOLA MUNICIPAL JOÃO NUNES,PROJETO MARIA TEREZA - KM25,,Petrolina,Projetos irrigados (Nilo Coelho / Maria Tereza)
83-1848,ESCOLA MUNICIPAL MANOEL ALVES NOGUEIRA,PROJETO NILO COELHO N-04,,Curral Queimado,Projetos irrigados (Nilo Coelho / Maria Tereza)
145-2097,ESCOLA MUNICIPAL MARECHAL RONDON,PROJETO MARIA TEREZA - KM25,,Petrolina,Projetos irrigados (Nilo Coelho / Maria Tereza)
144-1384,ESCOLA POETA CARLOS DRUMOND DE ANDRADE,PROJETO NILO COELHO N-10,,Petrolina,Projetos irrigados (Nilo Coelho / Maria Tereza)
145-2178,ASSOCIAÇÃO DOS AGRICULTORES FAMILIARES TERRA NOVA - AGRIFTAN,POVOADO DE TERRA NOVA,,Rajada,Rajada / Cristália
83-1899,CMEI - GABRIEL MOREIRA,RAJADA,,Rajada,Rajada / Cristália
145-1350,ESCOLA MUNICIPAL ANTONIO PEDRO RODRIGUES,CRUZ DE SALINAS,,Rajada,Rajada / Cristália
145-1600,ESCOLA MUNICIPAL DOUTOR JOSÉ ARAÚJO DE SOUZA,RIO JARDIM,,Rajada,Rajada / Cristália
83-1716,ESCOLA MUNICIPAL ESTEVÃO RODRIGUES COELHO,RAJADA,,Rajada,Rajada / Cristália
145-1694,ESCOLA MUNICIPAL HILARIO RODRIGUES DA COSTA,BAIXA ALEGRE,,Cristália,Rajada / Cristália
83-1627,ESCOLA MUNICIPAL JOSÉ CÍCERO DE AMORIM,RAJADA,,Rajada,Rajada / Cristália
83-1503,ESCOLA MUNICIPAL JOSÉ MARTINS DE DEUS,PAU FERRO,,Rajada,Rajada / Cristália
145-1686,ESCOLA MUNICIPAL JOÃO NETO,VILA DO CARUÁ,,Rajada,Rajada / Cristália
145-1058,ESCOLA MUNICIPAL JOÃO RODRIGUES DE MACEDO,CRISTÁLIA,,Cristália,Rajada / Cristália
145-1376,ESCOLA MUNICIPAL NOSSA SENHORA APARECIDA,CAITITU,,Rajada,Rajada / Cristália
145-1724,ESCOLA MUNICIPAL OLAVO BILAC,ATALHO,,Rajada,Rajada / Cristália
145-1708,ESCOLA MUNICIPAL TENENTE JESSÉ,SIMPATIA,,Cristália,Rajada / Cristália
144-1040,ESCOLA DOUTOR PACIFICO DA LUZ,VILA EDUARDO,Vila Eduardo,Petrolina,Zona Leste
144-1368,ESCOLA MUNICIPAL MÃE VITÓRIA,JATOBA,Jatobá,Petrolina,Zona Leste
144-1465,ESCOLA MUNICIPAL PROFESSOR NICOLAU BOSCARDINI,IDALINO BEZERRA,Jatobá,Petrolina,Zona Leste
144-1236,ESCOLA MUNICIPAL PROFESSORA LAURITA COELHO LEDA FERREIRA,VILA MARCELA,Loteamento Recife,Petrolina,Zona Leste
144-1562,ESCOLA MUNICIPAL SÃO JOSÉ,POVOADO PORTO DA ILHA,Boa Esperança,Petrolina,Zona Leste
144-1180,ESCOLA PADRE LUIZ CASSIANO,LOTEAMENTO RECIFE,Loteamento Recife,Petrolina,Zona Leste
144-1058,ESCOLA PROFESSOR ANEZIO LEAO,VILA EDUARDO,Vila Eduardo,Petrolina,Zona Leste
144-1546,FACULDADE DE CIÊNCIAS APLICADAS E SOCIAIS DE PETROLINA-FACAPE,CIDADE UNIVERSITÁRIA,Cidade Universitária,Petrolina,Zona Leste
145-1945,ASSOCIACAO DOS SERVIDORES DO SEMI ARIDO,JOSÉ E MARIA,José e Maria,Petrolina,Zona Norte
144-1066,CENTRO DE EDUCACAO PRE-ESCOLAR PROFESSORA MAROQUINHA,MARIA AUXILIADORA,Areia Branca,Petrolina,Zona Norte
145-2020,CMEI DR. CARDOSO DE SÁ,JOSÉ E MARIA,José e Maria,Petrolina,Zona Norte
144-1511,ESCOLA ANTONIO CASSIMIRO,ANTONIO CASSIMIRO,Antônio Cassimiro,Petrolina,Zona Norte
145-1988,ESCOLA ANTONIO PADILHA,JOSÉ E MARIA,José e Maria,Petrolina,Zona Norte
145-1546,ESCOLA ESTADUAL NUCLEO DE MORADORES N-09,PROJETO NILO COELHO N-09,Topázio,Petrolina,Zona Norte
145-1961,ESCOLA JOAQUIM ANDRE CAVALCANTI,JOSÉ E MARIA,José e Maria,Petrolina,Zona Norte
145-2135,ESCOLA MADRE TERESA SALDANHA,VILA DEBORA,Dom Avelar,Petrolina,Zona Norte
144-1023,ESCOLA MOYSES BARBOSA,AREIA BRANCA,Areia Branca,Petrolina,Zona Norte
144-1589,ESCOLA MUNICIPAL DE EDUCAÇÃO EM TEMPO INTEGRAL LÍVIA CLÉA VIANA COELHO,ANTONIO CASSIMIRO,Antônio Cassimiro,Petrolina,Zona Norte
144-1520,ESCOLA MUNICIPAL DE TEMPO INTEGRAL MONSENHOR BERNARDINO,VILA EULÁLIA,José e Maria,Petrolina,Zona Norte
145-2003,ESCOLA MUNICIPAL LUIZ RODRIGUES DE ARAUJO,SANTA LUZIA,Dom Avelar,Petrolina,Zona Norte
145-2070,ESCOLA MUNICIPAL MARECHAL MASCARENHAS DE MORAIS,VIVENDAS,Topázio,Petrolina,Zona Norte
145-1970,ESCOLA MUNICIPAL PROFESSOR JOSÉ JOAQUIM,JOSÉ E MARIA,José e Maria,Petrolina,Zona Norte
145-2011,ESCOLA MUNICIPAL PROFESSOR WALTER GIL,MANDACARU,Antônio Cassimiro,Petrolina,Zona Norte
145-1791,ESCOLA MUNICIPAL PROFESSORA ANETE ROLIM DE ALBUQUERQUE GOMES,PEDRA LINDA,Topázio,Petrolina,Zona Norte
145-2038,ESCOLA MUNICIPAL SANTA TEREZINHA,DOM AVELAR,Dom Avelar,Petrolina,Zona Norte
145-1996,ESCOLA MUNICIPAL VINTE E UM DE SETEMBRO - ANTIGA FAEPE,JOSÉ E MARIA,José e Maria,Petrolina,Zona Norte
144-1015,ESCOLA OTACILIO NUNES DE SOUZA,MARIA AUXILIADORA,Dom Malan,Petrolina,Zona Norte
144-1090,ESCOLA PROFESSORA ADELINA ALMEIDA,AREIA BRANCA,Areia Branca,Petrolina,Zona Norte
83-1783,CMEI - CENTRO DE EDUCAÇÃO PROINFÂNCIA TEREZA MARIA DE AMORIM,RIO CORRENTE,Cohab-São Francisco,Petrolina,Zona Oeste (externa)
83-1872,CMEI - JOSÉ ALMEIDA DA SILVA,COSME E DAMIÃO,Cosme e Damião,Petrolina,Zona Oeste (externa)
145-2143,CMEI PROINFÂNCIA JOÃO DE DEUS,JOÃO DE DEUS,João de Deus,Petrolina,Zona Oeste (externa)
145-1511,EREM JESUINO ANTONIO D AVILA,JOÃO DE DEUS,João de Deus,Petrolina,Zona Oeste (externa)
83-1597,EREM JORNALISTA JOÃO FERREIRA GOMES,COHAB VI,Cohab-São Francisco,Petrolina,Zona Oeste (externa)
83-1775,EREM PROFESSORA EVANIRA DE SOUZA DIAS,SÃO GONÇALO,São Gonçalo,Petrolina,Zona Oeste (externa)
83-1864,ESCOLA DO RESIDENCIAL NOVA PETROLINA,NOVA PETROLINA,Cohab-São Francisco,Petrolina,Zona Oeste (externa)
145-1503,ESCOLA ESTADUAL DOM ANTONIO CAMPELO,QUATI UM,Jardim São Paulo,Petrolina,Zona Oeste (externa)
145-1651,ESCOLA ESTADUAL ENEIDE COELHO PAIXÃO CAVALCANTI,JOÃO DE DEUS,João de Deus,Petrolina,Zona Oeste (externa)
83-1880,ESCOLA JOÃO BATISTA DOS SANTOS,SÃO GONÇALO,São Gonçalo,Petrolina,Zona Oeste (externa)
83-1856,ESCOLA MUN DE EDUC EM TEMPO INTEGRAL ANA DAS CARRANCAS(ANA LEOPOLDINA),PORTAL DA CIDADE,São Gonçalo,Petrolina,Zona Oeste (externa)
83-1791,ESCOLA MUNICIPAL ARIANO SUASSUNA,COHAB VI,Cohab-São Francisco,Petrolina,Zona Oeste (externa)
83-1619,ESCOLA MUNICIPAL JACOB FERREIRA,COSME E DAMIÃO,Cosme e Damião,Petrolina,Zona Oeste (externa)
83-1660,ESCOLA MUNICIPAL PAULO FREIRE,SÃO GONÇALO DOIS,São Gonçalo,Petrolina,Zona Oeste (externa)
145-1112,ESCOLA MUNICIPAL PROFESSORA LUIZA DE CASTRO,JARDIM SÃO PAULO,Jardim São Paulo,Petrolina,Zona Oeste (externa)
145-1210,ESCOLA MUNICIPAL PROFESSORA MARIA ODETE SAMPAIO GOMES,JARDIM SÃO PAULO,Jardim São Paulo,Petrolina,Zona Oeste (externa)
83-1600,ESCOLA PROFESSOR SIMÃO AMORIM DURANDO,RIO CORRENTE,Cohab-São Francisco,Petrolina,Zona Oeste (externa)
83-1490,CAIC-NOSSA SENHORA RAINHA DOS ANJOS,COHAB MASSANGANO,Cohab-Massangano,Petrolina,Zona Oeste (interna)
83-1473,CASE - CENTRO DE ATENDIMENTO SÓCIO EDUCATIVO,PALHINHAS,Palhinhas,Petrolina,Zona Oeste (interna)
83-1368,CENTRO MARIA AUXILIADORA PRO MENOR CARENTE (CEMAM),GERCINO COELHO,Gercino Coelho,Petrolina,Zona Oeste (interna)
83-1708,EREM PROFESSORA OSA SANTANA DE CARVALHO,COHAB QUATRO,Cohab-Massangano,Petrolina,Zona Oeste (interna)
83-1058,ESCOLA DE REFERÊNCIA ENSINO MÉDIO CLEMENTINO COELHO - EREMCC,JARDIM MARAVILHA,Jardim Maravilha,Petrolina,Zona Oeste (interna)
145-2054,ESCOLA DO OURO PRETO (IGREJINHA),OURO PRETO,Ouro Preto,Petrolina,Zona Oeste (interna)
145-1074,ESCOLA ESTADUAL POETA JOSÉ RAULINO SAMPAIO,VALE DO GRANDE RIO,Pedro Raimundo,Petrolina,Zona Oeste (interna)
83-1759,ESCOLA ESTADUAL PROFESSOR  PADRE MANOEL DE PAIVA NETO,JARDIM AMAZONAS,Jardim Amazonas,Petrolina,Zona Oeste (interna)
83-1384,ESCOLA MARECHAL ANTÔNIO ALVES FILHO - EMAAF,JARDIM MARAVILHA,Jardim Maravilha,Petrolina,Zona Oeste (interna)
145-1953,ESCOLA MUNICIPAL JECONIAS JOSÉ DOS SANTOS,OURO PRETO,Ouro Preto,Petrolina,Zona Oeste (interna)
145-1473,ESCOLA MUNICIPAL JULIA ELISA COELHO,ALTO DO COCAR,Alto Do Cocar,Petrolina,Zona Oeste (interna)
83-1465,ESCOLA MUNICIPAL SÃO DOMINGOS SÁVIO,GERCINO COELHO,Gercino Coelho,Petrolina,Zona Oeste (interna)
83-1589,ESCOLA PROFESSOR HUMBERTO SOARES,COHAB V,Cohab-Massangano,Petrolina,Zona Oeste (interna)
83-1031,ESCOLA PROFESSOR MANOEL PAES BARRETO,GERCINO COELHO,Gercino Coelho,Petrolina,Zona Oeste (interna)
83-1341,FACESP - FACULDADE DE EDUCAÇÃO SUPERIOR DE PERNAMBUCO,GERCINO COELHO,Gercino Coelho,Petrolina,Zona Oeste (interna)
144-1570,CMEI - CRECHE MUNICIPAL DO CARUJO,PORTO DE PALHA,,Petrolina,Zona rural da sede
144-1376,ESCOLA ESTADUAL MONTEIRO LOBATO,IZACOLÂNDIA,,Petrolina,Zona rural da sede
144-1341,ESCOLA FRANCISCO RODRIGUES DE SANTANA,PEDRINHAS,,Petrolina,Zona rural da sede
83-1643,ESCOLA FÉLIX MANOEL DOS SANTOS,TAPERA,,Petrolina,Zona rural da sede
144-1554,ESCOLA JOSE RIBEIRO DA SILVA,NOVA DESCOBERTA,,Petrolina,Zona rural da sede
83-1724,ESCOLA JOSÉ FERNANDES COELHO,ROÇADO,,Petrolina,Zona rural da sede
145-2160,ESCOLA MUNICIPAL CAMILA BRANCO DE ALMEIDA,ZONA RURAL,,Petrolina,Zona rural da sede
145-1040,ESCOLA MUNICIPAL EDUARDO SOUZA,URUÁS,,Petrolina,Zona rural da sede
144-1392,ESCOLA MUNICIPAL GUIDO ALVES CARDOSO,IZACOLÂNDIA,,Petrolina,Zona rural da sede
144-1490,ESCOLA MUNICIPAL JOSE NUNES DE SANTANA,NOVA DESCOBERTA,,Petrolina,Zona rural da sede
144-1481,ESCOLA MUNICIPAL LUIZ DE SOUZA,SERROTE DO URUBU,,Petrolina,Zona rural da sede
145-1864,ESCOLA MUNICIPAL MONSENHOR ÂNGELO SAMPAIO,ZONA RURAL,,Petrolina,Zona rural da sede
83-1651,ESCOLA MUNICIPAL PROFESSOR RICARDO RODRIGUES DE MIRANDA,CAATINGUINHA,,Petrolina,Zona rural da sede
144-1449,ESCOLA MUNICIPAL SANTA CRUZ,POÇO DA CRUZ,,Petrolina,Zona rural da sede
145-1082,ESCOLA ÂNGELO VIEIRA NUNES,CAPIM,,Petrolina,Zona rural da sede
83-1910,UNIDADE DE APOIO HELOÍNA MOREIRA DE SENA RIBEIRO,CAATINGUINHA,,Petrolina,Zona rural da sede
